timestamp_ny,date,hour,event_type,source_path,url,text
2026-02-03 23:41:15-05:00,2026-02-03,23,comment,Comment.Comments.CommentsList,,N/A
2026-02-03 23:40:32-05:00,2026-02-03,23,comment,Comment.Comments.CommentsList,,N/A
2026-02-03 20:52:59-05:00,2026-02-03,20,comment,Comment.Comments.CommentsList,,Meeee
2026-01-30 14:25:39-05:00,2026-01-30,14,comment,Comment.Comments.CommentsList,,This has mortal kombat x
2026-01-30 14:25:26-05:00,2026-01-30,14,comment,Comment.Comments.CommentsList,,Oh my god this was so peak
2026-01-07 12:45:07-05:00,2026-01-07,12,comment,Comment.Comments.CommentsList,,😁😁😁
2025-12-11 12:42:30-05:00,2025-12-11,12,comment,Comment.Comments.CommentsList,,"Mike Evans had a bunch of terrible QB’s throwing him the ball for his first 5 years in the league alone, it wasn’t until 2020 that he got some good steady QB’s like Tom Brady and Baker"
2025-12-11 10:26:06-05:00,2025-12-11,10,comment,Comment.Comments.CommentsList,,"Buddy wants u to lose, pierce got nobody throwing him the ball, RJ has been solid since taking RB1 roles start him"
2025-12-11 09:53:17-05:00,2025-12-11,9,comment,Comment.Comments.CommentsList,,"As a Bucs fan, my team ain’t gonna win the bowl this year, so I’d love to see the panthers go on some crazy some run and shock the league like the commanders did"
2025-11-29 00:35:20-05:00,2025-11-29,0,comment,Comment.Comments.CommentsList,,Ronald Jones III
2025-11-24 15:34:34-05:00,2025-11-24,15,comment,Comment.Comments.CommentsList,,How you feel now after that L we took to the rams….
2025-11-13 11:23:51-05:00,2025-11-13,11,comment,Comment.Comments.CommentsList,,The disrespect to the bucs will not be tolerated
2025-11-10 20:03:34-05:00,2025-11-10,20,comment,Comment.Comments.CommentsList,,"Steph’s the best PG of all time and changed the game at his position, so nah he cooked"
2025-11-06 13:06:02-05:00,2025-11-06,13,comment,Comment.Comments.CommentsList,,N/A
2025-10-29 14:54:58-04:00,2025-10-29,14,comment,Comment.Comments.CommentsList,,HE DID IT
2025-10-27 19:12:15-04:00,2025-10-27,19,comment,Comment.Comments.CommentsList,,Here before Rashee goes for a casual 38
2025-10-14 01:03:26-04:00,2025-10-14,1,comment,Comment.Comments.CommentsList,,N/A
2025-10-13 17:58:08-04:00,2025-10-13,17,comment,Comment.Comments.CommentsList,,Don’t forget the kan kan for the chuleta!
2025-10-08 13:05:22-04:00,2025-10-08,13,comment,Comment.Comments.CommentsList,,Yes!
2025-10-07 13:38:15-04:00,2025-10-07,13,comment,Comment.Comments.CommentsList,,He’ll blow up for 30 this week I bet just watch 😭
2025-10-07 13:05:32-04:00,2025-10-07,13,comment,Comment.Comments.CommentsList,,How is Saquan boom or bust he’s extremely consistent so far
2025-09-03 15:55:17-04:00,2025-09-03,15,comment,Comment.Comments.CommentsList,,"MHM oh yeah I saw all that garlic on there too, can never have to much with it jajaja"
2025-08-16 05:28:01-04:00,2025-08-16,5,comment,Comment.Comments.CommentsList,,I am the verse buddy
2025-08-16 03:12:36-04:00,2025-08-16,3,comment,Comment.Comments.CommentsList,,5 episodes…
2025-08-15 02:13:34-04:00,2025-08-15,2,comment,Comment.Comments.CommentsList,,"Thank you for not gatekeeping, people need to lighten up a little bit sometimes lol"
2025-08-14 12:26:03-04:00,2025-08-14,12,comment,Comment.Comments.CommentsList,,@cattw0
2025-08-14 01:41:11-04:00,2025-08-14,1,comment,Comment.Comments.CommentsList,,@cattw0
2025-08-13 15:55:15-04:00,2025-08-13,15,comment,Comment.Comments.CommentsList,,Good for you guys :)
2025-08-11 02:53:28-04:00,2025-08-11,2,comment,Comment.Comments.CommentsList,,I'm clapping ngl
2025-08-11 00:18:14-04:00,2025-08-11,0,comment,Comment.Comments.CommentsList,,"@cattw0 im creed and you, well you are you"
2025-08-10 13:35:54-04:00,2025-08-10,13,comment,Comment.Comments.CommentsList,,Where is this located I can't find it on maps
2025-08-10 03:35:48-04:00,2025-08-10,3,comment,Comment.Comments.CommentsList,,And now I'm crying in MD 🥲
2025-08-10 03:31:50-04:00,2025-08-10,3,comment,Comment.Comments.CommentsList,,Where is the store?
2025-08-08 12:33:52-04:00,2025-08-08,12,comment,Comment.Comments.CommentsList,,No wayyy I didnt know it was out on vinyl are they still available online? 😭
2025-08-04 02:42:16-04:00,2025-08-04,2,comment,Comment.Comments.CommentsList,,@cattw0
2025-08-04 00:08:35-04:00,2025-08-04,0,comment,Comment.Comments.CommentsList,,LITERALLY
2025-08-03 16:01:26-04:00,2025-08-03,16,comment,Comment.Comments.CommentsList,,"DMV show was fireeeee, but carti’s performances were so short"
2025-07-31 22:24:24-04:00,2025-07-31,22,comment,Comment.Comments.CommentsList,,@Jacob Vennemann
2025-07-29 12:39:51-04:00,2025-07-29,12,comment,Comment.Comments.CommentsList,,@cattw0
2025-07-29 00:47:56-04:00,2025-07-29,0,comment,Comment.Comments.CommentsList,,@cattw0
2025-07-27 21:25:44-04:00,2025-07-27,21,comment,Comment.Comments.CommentsList,,@cattw0
2025-07-26 23:53:14-04:00,2025-07-26,23,comment,Comment.Comments.CommentsList,,@cattw0 accomplished but should do it again fr
2025-07-23 14:54:41-04:00,2025-07-23,14,comment,Comment.Comments.CommentsList,,@cattw0
2025-07-21 13:20:42-04:00,2025-07-21,13,comment,Comment.Comments.CommentsList,,Okay thank you!!
2025-07-21 10:52:37-04:00,2025-07-21,10,comment,Comment.Comments.CommentsList,,@cattw0
2025-07-21 02:00:32-04:00,2025-07-21,2,comment,Comment.Comments.CommentsList,,As a Puerto Rican who doesn’t know that much Spanish but visit my family all the time there would I be welcomed? I’m trying to learn now since my parents never taught me 😭
2025-07-19 19:45:22-04:00,2025-07-19,19,comment,Comment.Comments.CommentsList,,@cattw0
2025-07-19 01:09:08-04:00,2025-07-19,1,comment,Comment.Comments.CommentsList,,@cattw0 literally u
2025-07-17 22:53:59-04:00,2025-07-17,22,comment,Comment.Comments.CommentsList,,@cattw0
2025-07-17 22:42:01-04:00,2025-07-17,22,comment,Comment.Comments.CommentsList,,@cattw0
2025-07-17 22:39:50-04:00,2025-07-17,22,comment,Comment.Comments.CommentsList,,@cattw0 I am gonna have to cop this one actually
2025-07-16 12:53:17-04:00,2025-07-16,12,comment,Comment.Comments.CommentsList,,@cattw0 which popcorn bucket do we get 😳
2025-07-16 11:08:46-04:00,2025-07-16,11,comment,Comment.Comments.CommentsList,,The hoes gon love this top 5 ahhh 🥱
2025-07-15 17:02:47-04:00,2025-07-15,17,comment,Comment.Comments.CommentsList,,You just gave me PTSD
2025-07-15 02:00:52-04:00,2025-07-15,2,comment,Comment.Comments.CommentsList,,Wepaaaaa!! 🇵🇷
2025-07-15 00:04:00-04:00,2025-07-15,0,comment,Comment.Comments.CommentsList,,cause if I did this my eyes would be opened the whole time and everyone would be judging me
2025-07-14 13:14:14-04:00,2025-07-14,13,comment,Comment.Comments.CommentsList,,@cattw0
2025-07-14 02:02:01-04:00,2025-07-14,2,comment,Comment.Comments.CommentsList,,@cattw0
2025-07-13 15:20:32-04:00,2025-07-13,15,comment,Comment.Comments.CommentsList,,Lucky guy!
2025-07-12 10:45:49-04:00,2025-07-12,10,comment,Comment.Comments.CommentsList,,It’s more or less the same!
2025-07-12 04:02:21-04:00,2025-07-12,4,comment,Comment.Comments.CommentsList,,Lmk if you find any!!
2025-07-08 01:58:07-04:00,2025-07-08,1,comment,Comment.Comments.CommentsList,,Domain expansion: Dark Realm Of Death
2025-06-26 11:27:17-04:00,2025-06-26,11,comment,Comment.Comments.CommentsList,,@cattw0 why is it on my fyp now
2025-06-25 03:34:08-04:00,2025-06-25,3,comment,Comment.Comments.CommentsList,,The way she says “good job keep going!” And then stares right back into soul 😭
2025-06-23 00:54:24-04:00,2025-06-23,0,comment,Comment.Comments.CommentsList,,@cattw0
2025-06-21 04:49:15-04:00,2025-06-21,4,comment,Comment.Comments.CommentsList,,@cattw0
2025-06-20 03:44:13-04:00,2025-06-20,3,comment,Comment.Comments.CommentsList,,@cattw0
2025-06-15 14:40:46-04:00,2025-06-15,14,comment,Comment.Comments.CommentsList,,@cattw0 its joey
2025-06-11 02:38:19-04:00,2025-06-11,2,comment,Comment.Comments.CommentsList,,Yes ngl
2025-06-11 02:36:26-04:00,2025-06-11,2,comment,Comment.Comments.CommentsList,,Beautiful
2025-06-11 02:34:35-04:00,2025-06-11,2,comment,Comment.Comments.CommentsList,,Barely any clapping when we landed in Baltimore 😔
2025-06-11 02:34:06-04:00,2025-06-11,2,comment,Comment.Comments.CommentsList,,Literally my life that's crazyyy work
2025-06-11 02:21:46-04:00,2025-06-11,2,comment,Comment.Comments.CommentsList,,Aw hell i was craving the first four but 5th are we fr
2025-06-07 14:00:13-04:00,2025-06-07,14,comment,Comment.Comments.CommentsList,,BF3 WOOOO
2025-06-02 10:22:59-04:00,2025-06-02,10,comment,Comment.Comments.CommentsList,,@cattw0
2025-06-02 02:05:08-04:00,2025-06-02,2,comment,Comment.Comments.CommentsList,,@cattw0
2025-05-26 00:13:38-04:00,2025-05-26,0,comment,Comment.Comments.CommentsList,,Where’d you see that at?
2025-05-24 13:44:48-04:00,2025-05-24,13,comment,Comment.Comments.CommentsList,,Yes god
2025-05-24 03:18:20-04:00,2025-05-24,3,comment,Comment.Comments.CommentsList,,Galactic assault going crazy rn
2025-05-21 11:09:04-04:00,2025-05-21,11,comment,Comment.Comments.CommentsList,,BF333333
2025-05-20 11:27:46-04:00,2025-05-20,11,comment,Comment.Comments.CommentsList,,Battlefrontttttt 3333333
2025-05-12 01:53:18-04:00,2025-05-12,1,comment,Comment.Comments.CommentsList,,I'm sorry but no
2025-05-07 03:40:35-04:00,2025-05-07,3,comment,Comment.Comments.CommentsList,,Was just wondering what happened to my dog and he still out here putting these dudes in a all you can get slip n slide 😭
2025-04-03 11:49:04-04:00,2025-04-03,11,comment,Comment.Comments.CommentsList,,Did you guys do a tour guide?
2025-03-13 11:07:19-04:00,2025-03-13,11,comment,Comment.Comments.CommentsList,,Where is it in PR?
2025-03-06 20:16:33-05:00,2025-03-06,20,comment,Comment.Comments.CommentsList,,@cattw0
2025-03-06 11:42:18-05:00,2025-03-06,11,comment,Comment.Comments.CommentsList,,Let’s get itttt
2025-03-04 11:34:45-05:00,2025-03-04,11,comment,Comment.Comments.CommentsList,,@cattw0
2025-03-04 11:17:55-05:00,2025-03-04,11,comment,Comment.Comments.CommentsList,,"Bro said lo siento like that dude speaks Spanish, they speak Portuguese in Brazil lmaooo 😭 PAY SHEIKO"
2025-03-03 00:47:08-05:00,2025-03-03,0,comment,Comment.Comments.CommentsList,,@cattw0
2025-02-26 16:32:30-05:00,2025-02-26,16,comment,Comment.Comments.CommentsList,,@cattw0 this you?
2025-02-26 15:50:31-05:00,2025-02-26,15,comment,Comment.Comments.CommentsList,,@cattw0 top comment hehe
2025-02-26 11:27:16-05:00,2025-02-26,11,comment,Comment.Comments.CommentsList,,@cattw0
2025-02-25 11:09:51-05:00,2025-02-25,11,comment,Comment.Comments.CommentsList,,This is literally what I was thinking lmaooo
2025-02-25 02:27:15-05:00,2025-02-25,2,comment,Comment.Comments.CommentsList,,@cattw0 literally me going into this weekend
2025-02-24 16:22:08-05:00,2025-02-24,16,comment,Comment.Comments.CommentsList,,@cattw0
2025-02-17 09:55:21-05:00,2025-02-17,9,comment,Comment.Comments.CommentsList,,@cattw0 how am I supposed to do anything when this is on my fyp
2025-02-14 15:42:26-05:00,2025-02-14,15,comment,Comment.Comments.CommentsList,,@cattw0
2025-02-14 01:04:25-05:00,2025-02-14,1,comment,Comment.Comments.CommentsList,,Actually slaps
2025-02-11 01:01:42-05:00,2025-02-11,1,comment,Comment.Comments.CommentsList,,I’m saying
2025-02-09 21:41:29-05:00,2025-02-09,21,comment,Comment.Comments.CommentsList,,@cattw0 when was this?
2025-02-06 14:35:35-05:00,2025-02-06,14,comment,Comment.Comments.CommentsList,,@cattw0 hehe
2025-02-06 00:49:26-05:00,2025-02-06,0,comment,Comment.Comments.CommentsList,,@cattw0
2025-02-06 00:48:36-05:00,2025-02-06,0,comment,Comment.Comments.CommentsList,,@cattw0
2025-02-04 00:37:35-05:00,2025-02-04,0,comment,Comment.Comments.CommentsList,,please donate me one im a good guy
2025-01-30 14:32:28-05:00,2025-01-30,14,comment,Comment.Comments.CommentsList,,Golds gym at Glen burnie and crofton are the best
2025-01-28 18:31:23-05:00,2025-01-28,18,comment,Comment.Comments.CommentsList,,Let us know what the value is in a year and then 5 years and then 10 😎
2025-01-18 15:41:36-05:00,2025-01-18,15,comment,Comment.Comments.CommentsList,,You don’t got Blonde on vinyl like me tho 😤 (I am still jealous of your collection)
2025-01-18 15:40:10-05:00,2025-01-18,15,comment,Comment.Comments.CommentsList,,I miss it everyday
2025-01-18 15:24:56-05:00,2025-01-18,15,comment,Comment.Comments.CommentsList,,This exactly why we banning this app
2025-01-05 22:32:42-05:00,2025-01-05,22,comment,Comment.Comments.CommentsList,,Yeah eat that drum stick…. Mmmmmm…..
2024-12-26 19:37:13-05:00,2024-12-26,19,comment,Comment.Comments.CommentsList,,They got Brock bowers to sponsor the video no way
2024-12-17 12:16:16-05:00,2024-12-17,12,comment,Comment.Comments.CommentsList,,Oh hey 👋
2024-12-16 13:04:13-05:00,2024-12-16,13,comment,Comment.Comments.CommentsList,,Why’d I have to be in middle school worried about my 2k18 career build instead of being at this concert 😔
2024-12-13 13:23:44-05:00,2024-12-13,13,comment,Comment.Comments.CommentsList,,Holy hannah 😊😎💋😼🫶💀😻💪😜
2024-10-15 21:02:12-04:00,2024-10-15,21,comment,Comment.Comments.CommentsList,,I was there today too!!!
2024-10-09 20:14:13-04:00,2024-10-09,20,comment,Comment.Comments.CommentsList,,HE STANDING HIS GROUND ‼️
2024-09-27 19:34:08-04:00,2024-09-27,19,comment,Comment.Comments.CommentsList,,Good luck brudda hope you make it out the streets
2024-09-24 01:42:03-04:00,2024-09-24,1,comment,Comment.Comments.CommentsList,,How does this affect the talk tuah podcast
2024-07-30 23:16:52-04:00,2024-07-30,23,comment,Comment.Comments.CommentsList,,That’s why you built like a blue whale
2024-07-29 21:14:37-04:00,2024-07-29,21,comment,Comment.Comments.CommentsList,,SOLO LEVELINNGGGGGGGG
2024-07-29 00:36:32-04:00,2024-07-29,0,comment,Comment.Comments.CommentsList,,Why am I lowkey sad after watching this
2024-07-29 00:36:13-04:00,2024-07-29,0,comment,Comment.Comments.CommentsList,,This is so peak
2024-07-29 00:20:05-04:00,2024-07-29,0,comment,Comment.Comments.CommentsList,,With my sister but yes!
2024-07-25 10:48:07-04:00,2024-07-25,10,comment,Comment.Comments.CommentsList,,Hell naw ion like you
2024-07-24 11:03:49-04:00,2024-07-24,11,comment,Comment.Comments.CommentsList,,whoops my bad 😭
2024-07-24 00:55:30-04:00,2024-07-24,0,comment,Comment.Comments.CommentsList,,my type i fear
2024-07-21 14:50:48-04:00,2024-07-21,14,comment,Comment.Comments.CommentsList,,"There’s nothing wrong with liking that music, I’m just saying she should listen to other music out there instead of the mainstream stuff, she could end up loving other music more than this mainstream"
2024-07-21 11:10:05-04:00,2024-07-21,11,comment,Comment.Comments.CommentsList,,We love Mr. Beast
2024-07-19 22:53:17-04:00,2024-07-19,22,comment,Comment.Comments.CommentsList,,Just put the fries in the ba- wait hell yeah keep doing what you doing 😎
2024-07-19 18:07:28-04:00,2024-07-19,18,comment,Comment.Comments.CommentsList,,just put the fries in the bag bro…
2024-07-19 11:17:21-04:00,2024-07-19,11,comment,Comment.Comments.CommentsList,,No hate but I do think you should expand your taste past the most mainstreamed artist and albums of all time but they are still good albums especially Views 👍
2024-07-17 19:01:12-04:00,2024-07-17,19,comment,Comment.Comments.CommentsList,,you’re beautiful
2024-07-17 11:17:11-04:00,2024-07-17,11,comment,Comment.Comments.CommentsList,,I love your tattoos :)
2024-07-15 16:08:31-04:00,2024-07-15,16,comment,Comment.Comments.CommentsList,,Tryna get cut down like you 🫡
2024-07-15 13:57:23-04:00,2024-07-15,13,comment,Comment.Comments.CommentsList,,Hey lil bro respectfully my little sister ayden could beat you up no cap
2024-07-15 09:33:21-04:00,2024-07-15,9,comment,Comment.Comments.CommentsList,,This was awesome :)
2024-07-15 02:34:09-04:00,2024-07-15,2,comment,Comment.Comments.CommentsList,,GOD DAMMIT I MISSED ONE ARE YOU KIDDING ME
2024-07-14 19:38:57-04:00,2024-07-14,19,comment,Comment.Comments.CommentsList,,Straight vibes
2024-07-13 18:36:38-04:00,2024-07-13,18,comment,Comment.Comments.CommentsList,,beautiful
2024-07-13 18:29:14-04:00,2024-07-13,18,comment,Comment.Comments.CommentsList,,Beautiful
2024-07-09 22:11:38-04:00,2024-07-09,22,comment,Comment.Comments.CommentsList,,So funny 😂
2024-07-07 14:57:14-04:00,2024-07-07,14,comment,Comment.Comments.CommentsList,,Bro it’s a joke relax nobody gaf 😭
2024-07-07 14:39:58-04:00,2024-07-07,14,comment,Comment.Comments.CommentsList,,YOU DONT WANNA SEE MY DARK SIDE… grrrrr 🐺
2024-07-07 13:52:30-04:00,2024-07-07,13,comment,Comment.Comments.CommentsList,,IM A POSER?? HMMMMM OKKAYY OKAY
2024-07-07 13:52:10-04:00,2024-07-07,13,comment,Comment.Comments.CommentsList,,@Jhutter
2024-07-07 12:53:46-04:00,2024-07-07,12,comment,Comment.Comments.CommentsList,,The rage bait is crazyyyy 😭
2024-07-03 14:19:42-04:00,2024-07-03,14,comment,Comment.Comments.CommentsList,,Bro I’m 5’6 too and didn’t think I could rock this style but GOT to now cause of you gang
2024-06-29 02:31:36-04:00,2024-06-29,2,comment,Comment.Comments.CommentsList,,BLESSSSS I GOT IT
2024-06-28 00:20:03-04:00,2024-06-28,0,comment,Comment.Comments.CommentsList,,"This was so warming. Glad you don’t look back on it negatively and choose to look back at it with love and gratitude, that’s hard for a lot of people to do."
2024-06-26 12:42:25-04:00,2024-06-26,12,comment,Comment.Comments.CommentsList,,Ngl I haven’t touched the acolyte because of all the gassed up hate but you convinced me to watch it now
2024-06-11 09:08:12-04:00,2024-06-11,9,comment,Comment.Comments.CommentsList,,Selena’s a goat for a reason 😤
2024-06-11 07:42:09-04:00,2024-06-11,7,comment,Comment.Comments.CommentsList,,But idk if I can go through it alone Paul 😔
2024-06-10 09:20:17-04:00,2024-06-10,9,comment,Comment.Comments.CommentsList,,Did he just become a padawan in the end? 😭
2024-05-31 01:22:59-04:00,2024-05-31,1,comment,Comment.Comments.CommentsList,,Sigma
2024-05-29 00:47:00-04:00,2024-05-29,0,comment,Comment.Comments.CommentsList,,Herbie is a jazz legend
2024-05-29 00:46:38-04:00,2024-05-29,0,comment,Comment.Comments.CommentsList,,Hey he got some heat back in his prime
2024-05-29 00:46:22-04:00,2024-05-29,0,comment,Comment.Comments.CommentsList,,I got like a million playlist lmk if you want a specific genre and i’ll direct you 😂
2024-05-29 00:45:38-04:00,2024-05-29,0,comment,Comment.Comments.CommentsList,,https://open.spotify.com/user/31ssseag36ocq23t2gvth74g7m54?si=kYBEbPD1Qp2wvZdN8KNJMg
2024-05-28 16:51:18-04:00,2024-05-28,16,comment,Comment.Comments.CommentsList,,So what Josh 😂
2024-05-28 14:14:25-04:00,2024-05-28,14,comment,Comment.Comments.CommentsList,,Thanks big dog
2024-05-28 14:14:14-04:00,2024-05-28,14,comment,Comment.Comments.CommentsList,,YES SIR 🫡
2024-05-28 14:13:49-04:00,2024-05-28,14,comment,Comment.Comments.CommentsList,,You cute
2024-05-28 14:13:19-04:00,2024-05-28,14,comment,Comment.Comments.CommentsList,,Oh no trust I got that playlist to I just didn't have enough slots on the template to much music lmao might make a pt 2
2024-05-15 19:51:43-04:00,2024-05-15,19,comment,Comment.Comments.CommentsList,,Legendary fyp pull
2024-05-15 01:48:56-04:00,2024-05-15,1,comment,Comment.Comments.CommentsList,,If you like this you guys should definitely listen to Jackson C. Frank
2024-05-15 01:48:27-04:00,2024-05-15,1,comment,Comment.Comments.CommentsList,,Call me the breeze and after midnight from this album are also my favorites!!
2024-05-15 01:42:45-04:00,2024-05-15,1,comment,Comment.Comments.CommentsList,,what bros doing while I’m waiting for him to hop on the game
2024-05-04 01:51:36-04:00,2024-05-04,1,comment,Comment.Comments.CommentsList,,Well it happened in the span of 25 minutes 😂
2024-04-24 19:00:14-04:00,2024-04-24,19,comment,Comment.Comments.CommentsList,,that last photo is diabolical 😂
2024-04-24 18:25:26-04:00,2024-04-24,18,comment,Comment.Comments.CommentsList,,Bree clan
2024-04-22 23:37:01-04:00,2024-04-22,23,comment,Comment.Comments.CommentsList,,🐋
2024-04-22 23:17:46-04:00,2024-04-22,23,comment,Comment.Comments.CommentsList,,cooper is so lovely
2024-04-10 22:19:16-04:00,2024-04-10,22,comment,Comment.Comments.CommentsList,,you two when miguel o hara
2024-03-29 02:50:02-04:00,2024-03-29,2,comment,Comment.Comments.CommentsList,,Real.
2024-03-24 23:26:10-04:00,2024-03-24,23,comment,Comment.Comments.CommentsList,,You’re doing great
2024-03-23 16:43:30-04:00,2024-03-23,16,comment,Comment.Comments.CommentsList,,your hair 😁
2024-03-21 21:38:34-04:00,2024-03-21,21,comment,Comment.Comments.CommentsList,,visit me at NO 🥺🥺
2024-03-19 23:39:02-04:00,2024-03-19,23,comment,Comment.Comments.CommentsList,,holy W
2024-03-14 19:02:52-04:00,2024-03-14,19,comment,Comment.Comments.CommentsList,,No way 😂
2024-03-14 02:22:53-04:00,2024-03-14,2,comment,Comment.Comments.CommentsList,,IMMA SANDRIDERRRRR
2024-02-29 00:38:04-05:00,2024-02-29,0,comment,Comment.Comments.CommentsList,,“Thats brawlhala🤓🤓☝️”
2024-02-29 00:29:44-05:00,2024-02-29,0,comment,Comment.Comments.CommentsList,,Why I sound like that 😂
2024-02-21 19:04:32-05:00,2024-02-21,19,comment,Comment.Comments.CommentsList,,this is so good!
2024-02-20 10:39:58-05:00,2024-02-20,10,comment,Comment.Comments.CommentsList,,Ayyyy
2024-02-18 20:36:37-05:00,2024-02-18,20,comment,Comment.Comments.CommentsList,,guess i’ll listen to Blonde again (i literally play it everyday)
2024-02-18 20:35:51-05:00,2024-02-18,20,comment,Comment.Comments.CommentsList,,average frank ocean listening experience
2024-02-13 16:59:52-05:00,2024-02-13,16,comment,Comment.Comments.CommentsList,,4/5
2024-02-13 16:57:40-05:00,2024-02-13,16,comment,Comment.Comments.CommentsList,,Cactus daddy all over muh body 😩
2024-02-12 22:48:26-05:00,2024-02-12,22,comment,Comment.Comments.CommentsList,,@Jhutter
2024-02-09 13:36:34-05:00,2024-02-09,13,comment,Comment.Comments.CommentsList,,Aw CaseOh’s little brother is so cute 🥺
2024-02-01 02:57:19-05:00,2024-02-01,2,comment,Comment.Comments.CommentsList,,you got good music taste
2024-01-25 11:07:41-05:00,2024-01-25,11,comment,Comment.Comments.CommentsList,,blood orange 🤌
2024-01-10 18:48:00-05:00,2024-01-10,18,comment,Comment.Comments.CommentsList,,wait actually how are you finding that on Spotify
2024-01-07 18:57:04-05:00,2024-01-07,18,comment,Comment.Comments.CommentsList,,geez laweez man that’s a lotta fwigin cool group of fwiends you got ☝️🤓
2024-01-04 16:44:29-05:00,2024-01-04,16,comment,Comment.Comments.CommentsList,,don’t lie now
2024-01-04 16:44:20-05:00,2024-01-04,16,comment,Comment.Comments.CommentsList,,ong
2023-12-27 16:33:18-05:00,2023-12-27,16,comment,Comment.Comments.CommentsList,,lol its a pretty video
2023-12-27 16:27:37-05:00,2023-12-27,16,comment,Comment.Comments.CommentsList,,copy cat 🥱
2023-12-26 13:11:06-05:00,2023-12-26,13,comment,Comment.Comments.CommentsList,,Good work gangy keep it up!
2023-12-26 13:06:20-05:00,2023-12-26,13,comment,Comment.Comments.CommentsList,,They are both fire I definitely am gonna have to cop both when they drop!
2023-11-18 15:24:08-05:00,2023-11-18,15,comment,Comment.Comments.CommentsList,,i want hello kitty pj’s
2023-10-09 14:57:52-04:00,2023-10-09,14,comment,Comment.Comments.CommentsList,,he ain’t going to 🤡🤡
2023-09-27 14:33:33-04:00,2023-09-27,14,comment,Comment.Comments.CommentsList,,gonna tell my kids this was Lil Uzi
2023-09-19 22:15:24-04:00,2023-09-19,22,comment,Comment.Comments.CommentsList,,My pookie bear is going places
2023-08-12 22:35:32-04:00,2023-08-12,22,comment,Comment.Comments.CommentsList,,Happy bday 🫶
2023-08-08 21:01:44-04:00,2023-08-08,21,comment,Comment.Comments.CommentsList,,Okay stop playing wit em !
2023-07-31 12:30:35-04:00,2023-07-31,12,comment,Comment.Comments.CommentsList,,This the best yeat edit I seen
2023-07-28 15:09:05-04:00,2023-07-28,15,comment,Comment.Comments.CommentsList,,Precciate it :)
2023-07-28 01:49:38-04:00,2023-07-28,1,comment,Comment.Comments.CommentsList,,thank you 😁
2023-07-27 22:59:49-04:00,2023-07-27,22,comment,Comment.Comments.CommentsList,,NEVER MHM
2023-07-27 22:59:06-04:00,2023-07-27,22,comment,Comment.Comments.CommentsList,,thanks bro :)
2023-07-13 14:18:21-04:00,2023-07-13,14,comment,Comment.Comments.CommentsList,,This is so good
2023-07-06 20:49:56-04:00,2023-07-06,20,comment,Comment.Comments.CommentsList,,"That’s how it starts for a lot of us, it becomes your comfort place"
2023-06-28 17:09:48-04:00,2023-06-28,17,comment,Comment.Comments.CommentsList,,"ビニール袋のように感じたことはありますか
風に乗って漂いながら、もう一度始めてみませんか？
紙のように薄いと感じたことはありますか"
2023-06-28 11:33:49-04:00,2023-06-28,11,comment,Comment.Comments.CommentsList,,بالطبع أنا أخي
2023-06-27 23:10:49-04:00,2023-06-27,23,comment,Comment.Comments.CommentsList,,"أنا أحب شكلك
نحن ندفع ونجذب مثل المغناطيس
على الرغم من أن قلبي يسقط أيضًا
أنا في حالة حب مع جسدك"
2023-05-20 01:12:47-04:00,2023-05-20,1,comment,Comment.Comments.CommentsList,,GRIFFITHHHHHHHHH
2023-05-14 02:19:55-04:00,2023-05-14,2,comment,Comment.Comments.CommentsList,,@kate the great number 1 fan here
2023-05-11 17:52:20-04:00,2023-05-11,17,comment,Comment.Comments.CommentsList,,I only take W’s
2023-04-29 18:39:18-04:00,2023-04-29,18,comment,Comment.Comments.CommentsList,,I love this album found it on my discover weekly
2023-04-24 23:44:53-04:00,2023-04-24,23,comment,Comment.Comments.CommentsList,,White crocs is my favorite song by him :)
2023-04-18 22:37:43-04:00,2023-04-18,22,comment,Comment.Comments.CommentsList,,YEATTTTTT HI NOTICE ME LOL HAHA PLEASEE
2023-04-05 19:07:49-04:00,2023-04-05,19,comment,Comment.Comments.CommentsList,,The song name is Still think about you by a boogie wit da hoodie for y’all who do not know 😌
2023-03-21 22:36:20-04:00,2023-03-21,22,comment,Comment.Comments.CommentsList,,Are you on Spotify?
2023-03-02 23:34:32-05:00,2023-03-02,23,comment,Comment.Comments.CommentsList,,I would give anytning to be that pillow rn
2023-02-28 20:24:08-05:00,2023-02-28,20,comment,Comment.Comments.CommentsList,,thanks bae
2023-02-28 11:05:47-05:00,2023-02-28,11,comment,Comment.Comments.CommentsList,,Uhm 😃
2023-02-26 17:49:47-05:00,2023-02-26,17,comment,Comment.Comments.CommentsList,,Bros literally daft punk
2023-02-15 20:07:50-05:00,2023-02-15,20,comment,Comment.Comments.CommentsList,,He lowkey kinda looks and sounds just like Matt Damon
2023-02-12 22:45:48-05:00,2023-02-12,22,comment,Comment.Comments.CommentsList,,My mom is the coolest!!
2023-02-11 12:44:10-05:00,2023-02-11,12,comment,Comment.Comments.CommentsList,,THE LAST OF US ONE
2023-02-11 02:23:38-05:00,2023-02-11,2,comment,Comment.Comments.CommentsList,,ON CEDRIC 😤
2023-02-08 02:31:19-05:00,2023-02-08,2,comment,Comment.Comments.CommentsList,,I love my new home ‼️‼️
2023-02-02 11:04:10-05:00,2023-02-02,11,comment,Comment.Comments.CommentsList,,"astroworld (Travis Scott), take care (drake) and my beautiful dark twisted fantasy (Kanye despite recent controversy) all should’ve been on this list"
2023-02-02 01:14:58-05:00,2023-02-02,1,comment,Comment.Comments.CommentsList,,who is you buck 🤨
2023-02-02 00:28:48-05:00,2023-02-02,0,comment,Comment.Comments.CommentsList,,"MENACE, FRIEND, MENTOR, LOVER, TICKLER, THATS NUMBER 1 RIGHT THERE, THE CHAMP"
2023-01-30 17:51:06-05:00,2023-01-30,17,comment,Comment.Comments.CommentsList,,bro is the professor from whiplash
2023-01-25 14:00:24-05:00,2023-01-25,14,comment,Comment.Comments.CommentsList,,47 ft
2023-01-24 17:58:45-05:00,2023-01-24,17,comment,Comment.Comments.CommentsList,,i love u and all but u singing that shit like lebron
2023-01-21 15:31:52-05:00,2023-01-21,15,comment,Comment.Comments.CommentsList,,Hbb
2023-01-19 11:43:39-05:00,2023-01-19,11,comment,Comment.Comments.CommentsList,,oh kill it
2023-01-19 01:21:42-05:00,2023-01-19,1,comment,Comment.Comments.CommentsList,,Slay
2023-01-12 22:46:28-05:00,2023-01-12,22,comment,Comment.Comments.CommentsList,,😭😭
2023-01-12 22:46:12-05:00,2023-01-12,22,comment,Comment.Comments.CommentsList,,im in shambles
2023-01-11 01:56:10-05:00,2023-01-11,1,comment,Comment.Comments.CommentsList,,I hope her and her siblings and parents all doing good :)
2022-12-27 22:32:54-05:00,2022-12-27,22,comment,Comment.Comments.CommentsList,,Let’s go
2022-12-24 01:26:27-05:00,2022-12-24,1,comment,Comment.Comments.CommentsList,,that was in my trunk for months
2022-12-23 21:59:09-05:00,2022-12-23,21,comment,Comment.Comments.CommentsList,,thanks for paying off my 500k debt and letting me stay in your 500000 square foot mansion for a week in Japan
2022-12-23 01:21:08-05:00,2022-12-23,1,comment,Comment.Comments.CommentsList,,The movie is Inglorious bastards highly recommended
2022-12-23 01:20:57-05:00,2022-12-23,1,comment,Comment.Comments.CommentsList,,Inglorious bastards
2022-12-22 16:32:34-05:00,2022-12-22,16,comment,Comment.Comments.CommentsList,,i just fell on my knees at target
2022-12-20 16:26:56-05:00,2022-12-20,16,comment,Comment.Comments.CommentsList,,Y’all do not want this trust me 😂 fun for the first couple months maybe
2022-12-20 00:30:49-05:00,2022-12-20,0,comment,Comment.Comments.CommentsList,,🤫
2022-12-20 00:30:21-05:00,2022-12-20,0,comment,Comment.Comments.CommentsList,,🫡
2022-12-19 20:34:35-05:00,2022-12-19,20,comment,Comment.Comments.CommentsList,,I love this song
2022-12-19 20:34:12-05:00,2022-12-19,20,comment,Comment.Comments.CommentsList,,Open arms is my favorite from the album
2022-12-19 16:57:46-05:00,2022-12-19,16,comment,Comment.Comments.CommentsList,,metro boomin 🎧
2022-12-13 20:56:46-05:00,2022-12-13,20,comment,Comment.Comments.CommentsList,,“WHAT HAPPENED😈 👹”
2022-12-10 00:45:29-05:00,2022-12-10,0,comment,Comment.Comments.CommentsList,,"you only lose if you tell yourself you lost, remind yourself who you are becoming"
2022-12-08 00:17:26-05:00,2022-12-08,0,comment,Comment.Comments.CommentsList,,They’re cute
2022-12-07 10:36:33-05:00,2022-12-07,10,comment,Comment.Comments.CommentsList,,sierra st jean
2022-12-04 17:17:25-05:00,2022-12-04,17,comment,Comment.Comments.CommentsList,,that’s what i am looking forward to
2022-12-04 17:09:49-05:00,2022-12-04,17,comment,Comment.Comments.CommentsList,,"im so sorry, my ex made it feel that way and wouldn’t say it directly but would say i don’t do anything essentially"
2022-12-04 03:43:51-05:00,2022-12-04,3,comment,Comment.Comments.CommentsList,,especially her responding with just “OMGG” like i don’t have to explain it for u when u already know deep in your heart my boy
2022-12-04 03:42:20-05:00,2022-12-04,3,comment,Comment.Comments.CommentsList,,i have those dreams to every once and a while and waking up from them is the most saddening reality check ever but again you have to remind yourself
2022-12-04 03:41:32-05:00,2022-12-04,3,comment,Comment.Comments.CommentsList,,there’s plenty of other girls who will treat u right that you can create better memories and a beautiful thing with that’ll last the right way
2022-12-04 03:40:50-05:00,2022-12-04,3,comment,Comment.Comments.CommentsList,,"she isn’t the one and that y’all just aren’t meant to be in the end and that’s OKAY, learn to come to terms with that"
2022-12-04 03:40:28-05:00,2022-12-04,3,comment,Comment.Comments.CommentsList,,"you are probably going through what i am and just miss the idea of her, the memories and good times, her smile, laugh, etc, but remember that"
2022-12-04 03:39:41-05:00,2022-12-04,3,comment,Comment.Comments.CommentsList,,"it’s important to remember why the breakup happened, what causes all the pain and problems that built up to that in the first place"
2022-12-04 03:39:18-05:00,2022-12-04,3,comment,Comment.Comments.CommentsList,,I feel the temptation it comes and goes luckily i have a pretty good support group to help me not go back to her
2022-12-03 03:58:07-05:00,2022-12-03,3,comment,Comment.Comments.CommentsList,,i got tarzan and megamind which i don’t think you can top
2022-11-30 18:26:16-05:00,2022-11-30,18,comment,Comment.Comments.CommentsList,,yea but it wasn’t 24/7 definitely some good times
2022-11-30 01:06:31-05:00,2022-11-30,1,comment,Comment.Comments.CommentsList,,dude i just heard this song recently for the first time and have had it on repeat and now this on my fyp u guys did so good
2022-11-30 00:52:20-05:00,2022-11-30,0,comment,Comment.Comments.CommentsList,,MURICA DAMMIT DA HELL A KWILOMETER?? 🦅🦅🦅🇺🇸🇺🇸🇺🇸
2022-11-29 22:12:19-05:00,2022-11-29,22,comment,Comment.Comments.CommentsList,,"no really cause i had numerous sources since day one and i was so blinded by my feelings, never again 🤢"
2022-11-28 23:08:45-05:00,2022-11-28,23,comment,Comment.Comments.CommentsList,,WAIT A SECOND UR ONTO SOMETNING
2022-11-28 20:53:11-05:00,2022-11-28,20,comment,Comment.Comments.CommentsList,,didn’t know winston was light skin until now
2022-11-27 04:04:20-05:00,2022-11-27,4,comment,Comment.Comments.CommentsList,,"that’s how it felt towards the end with her, she and i would argue a lot and i would be right a lot of the times to and it tires and drains u"
2022-11-26 16:20:58-05:00,2022-11-26,16,comment,Comment.Comments.CommentsList,,omg @Jhutter
2022-11-22 13:58:50-05:00,2022-11-22,13,comment,Comment.Comments.CommentsList,,"That’s exactly how it was in my case, it will just keep on getting worse and worse until you do what’s best for the both of y’all and just break up"
2022-11-20 19:50:47-05:00,2022-11-20,19,comment,Comment.Comments.CommentsList,,"same here, she just stopped at one point and when i broke up with her she realized what she was losing and promised to change but ive seen it all befo"
2022-11-20 19:49:25-05:00,2022-11-20,19,comment,Comment.Comments.CommentsList,,broke up with my ex because I would never break up with her as long as we were able to fix things “Together” but eventually she stopped givng effort
2022-11-19 22:03:39-05:00,2022-11-19,22,comment,Comment.Comments.CommentsList,,The spit at the end 💀
2022-11-19 22:02:47-05:00,2022-11-19,22,comment,Comment.Comments.CommentsList,,THIS IS AMAZING DROP THIS SHIT PLEASSEEEWWWEEW
2022-11-16 10:44:44-05:00,2022-11-16,10,comment,Comment.Comments.CommentsList,,😳😳
2022-11-16 01:15:21-05:00,2022-11-16,1,comment,Comment.Comments.CommentsList,,SAME GOOD LUCK 🫡
2022-11-15 14:47:32-05:00,2022-11-15,14,comment,Comment.Comments.CommentsList,,never 😏
2022-11-13 22:30:34-05:00,2022-11-13,22,comment,Comment.Comments.CommentsList,,@tombrady
2022-11-13 22:30:30-05:00,2022-11-13,22,comment,Comment.Comments.CommentsList,,😳😳😏
2022-11-12 13:54:31-05:00,2022-11-12,13,comment,Comment.Comments.CommentsList,,moms first dub in fort 😤
2022-11-03 14:29:49-04:00,2022-11-03,14,comment,Comment.Comments.CommentsList,,dude when i am taking a test and can’t focus at all on it as well
2022-11-02 00:51:51-04:00,2022-11-02,0,comment,Comment.Comments.CommentsList,,no friggin way same
2022-11-01 12:23:41-04:00,2022-11-01,12,comment,Comment.Comments.CommentsList,,THANK YOU FOR THIS this and glue are the best rn
2022-10-28 00:00:24-04:00,2022-10-28,0,comment,Comment.Comments.CommentsList,,JAMES STOP PLEASE GOD NOT NOW
2022-10-20 13:41:39-04:00,2022-10-20,13,comment,Comment.Comments.CommentsList,,"so proud of you been watching your content back from the bus days I think over a year ago now, you’ve made so much progress!"
2022-10-17 20:01:55-04:00,2022-10-17,20,comment,Comment.Comments.CommentsList,,miss gwyn’s reaction was so wholesome
2022-10-12 00:28:59-04:00,2022-10-12,0,comment,Comment.Comments.CommentsList,,specs you make me nervous in all ways 😳
2022-10-08 00:08:42-04:00,2022-10-08,0,comment,Comment.Comments.CommentsList,,the collab of the year 🤯
2022-10-07 02:57:09-04:00,2022-10-07,2,comment,Comment.Comments.CommentsList,,"break up bro, i was in the same situation for a very very long time and i was to patient to do anything about it but i eventually did"
2022-08-15 16:33:13-04:00,2022-08-15,16,comment,Comment.Comments.CommentsList,,bike got touched by Vecna
2022-08-13 11:26:34-04:00,2022-08-13,11,comment,Comment.Comments.CommentsList,,They are all pretty solid takes the only one I would definitely change is the Steelers winning NFC north
2022-08-12 00:13:51-04:00,2022-08-12,0,comment,Comment.Comments.CommentsList,,"The song is called son of Flynn, whole soundtrack was done by daft punk it’s love fs"
2022-08-03 00:27:24-04:00,2022-08-03,0,comment,Comment.Comments.CommentsList,,i would’ve yelled so many curse words and freaked tf out if that was me 💀
2022-08-02 00:44:54-04:00,2022-08-02,0,comment,Comment.Comments.CommentsList,,@Tom Brady wya man
2022-05-23 18:09:51-04:00,2022-05-23,18,comment,Comment.Comments.CommentsList,,dude said: 🤔😠😐😐😋😛😝
2022-05-06 12:48:13-04:00,2022-05-06,12,comment,Comment.Comments.CommentsList,,a lil to smooth with it 😼
2022-04-29 23:59:40-04:00,2022-04-29,23,comment,Comment.Comments.CommentsList,,MLK did not die for this y’all
2022-04-18 18:59:38-04:00,2022-04-18,18,comment,Comment.Comments.CommentsList,,#Balls?
2022-04-13 21:02:26-04:00,2022-04-13,21,comment,Comment.Comments.CommentsList,,my brothers are proud
2022-04-13 20:47:20-04:00,2022-04-13,20,comment,Comment.Comments.CommentsList,,I just watched a short movie bro and it was worth it 😭
2022-04-13 20:35:22-04:00,2022-04-13,20,comment,Comment.Comments.CommentsList,,help her she can’t decide after months 😭
2022-04-07 17:01:12-04:00,2022-04-07,17,comment,Comment.Comments.CommentsList,,65 dollars for a pack of 12 😐
2022-04-07 07:26:24-04:00,2022-04-07,7,comment,Comment.Comments.CommentsList,,all worth it no matter what 😏
2022-04-07 07:26:02-04:00,2022-04-07,7,comment,Comment.Comments.CommentsList,,it’s like whatever level is right before long distance
2022-03-23 16:43:15-04:00,2022-03-23,16,comment,Comment.Comments.CommentsList,,I- uh- well uhh y-y-you see actually w-well what i really meant t-to say
2022-03-12 23:16:03-05:00,2022-03-12,23,comment,Comment.Comments.CommentsList,,you got a bf?
2022-03-01 14:45:14-05:00,2022-03-01,14,comment,Comment.Comments.CommentsList,,@jeanstein.666
2022-02-27 01:39:21-05:00,2022-02-27,1,comment,Comment.Comments.CommentsList,,all mighty push
2022-02-06 01:01:36-05:00,2022-02-06,1,comment,Comment.Comments.CommentsList,,holy cow this was on my fliggidy diggidy for y’all page I’ll be damned
2022-01-11 23:41:54-05:00,2022-01-11,23,comment,Comment.Comments.CommentsList,,he gonna be on my fyp for a while now
2022-01-11 00:11:45-05:00,2022-01-11,0,comment,Comment.Comments.CommentsList,,Give yo mom your floor carpet back bruh
2021-12-27 13:56:28-05:00,2021-12-27,13,comment,Comment.Comments.CommentsList,,@jeanstein.666 one day
2021-12-21 13:10:04-05:00,2021-12-21,13,comment,Comment.Comments.CommentsList,,DUDE CRAZIEST THING JUST HAPPEND AT WALGREENS
2021-12-06 00:22:46-05:00,2021-12-06,0,comment,Comment.Comments.CommentsList,,hey what’s that noise over there OH SHIIII-
2021-11-28 09:44:28-05:00,2021-11-28,9,comment,Comment.Comments.CommentsList,,We got hinata up in here 😳
2021-11-25 01:16:20-05:00,2021-11-25,1,comment,Comment.Comments.CommentsList,,@hbomax
2021-11-25 01:16:14-05:00,2021-11-25,1,comment,Comment.Comments.CommentsList,,@hbomax
2021-11-23 10:55:17-05:00,2021-11-23,10,comment,Comment.Comments.CommentsList,,Darn it I missed this today
2021-11-22 16:03:18-05:00,2021-11-22,16,comment,Comment.Comments.CommentsList,,@jeanstein.666 A or C
2021-11-16 23:46:51-05:00,2021-11-16,23,comment,Comment.Comments.CommentsList,,W gf w relationship
2021-11-10 22:14:11-05:00,2021-11-10,22,comment,Comment.Comments.CommentsList,,garlic breathe yikes 😬
2021-11-10 22:13:51-05:00,2021-11-10,22,comment,Comment.Comments.CommentsList,,doesn’t send me fit pics
2021-11-10 22:11:32-05:00,2021-11-10,22,comment,Comment.Comments.CommentsList,,doesn’t think @hasbulla_77 official is cute
2021-11-10 22:11:06-05:00,2021-11-10,22,comment,Comment.Comments.CommentsList,,has her exes on snap still 😔
2021-11-10 22:10:31-05:00,2021-11-10,22,comment,Comment.Comments.CommentsList,,doesn’t watch Star Wars….
2021-11-10 22:09:41-05:00,2021-11-10,22,comment,Comment.Comments.CommentsList,,evil laugh
2021-11-10 22:09:31-05:00,2021-11-10,22,comment,Comment.Comments.CommentsList,,gets mad at me for things she literally does to me please don’t hurt me 😅😅😅😅
2021-11-10 22:09:10-05:00,2021-11-10,22,comment,Comment.Comments.CommentsList,,picks boogers madly
2021-11-10 22:08:54-05:00,2021-11-10,22,comment,Comment.Comments.CommentsList,,has to pee 10 times everytime we go out
2021-11-10 22:08:37-05:00,2021-11-10,22,comment,Comment.Comments.CommentsList,,doesn’t say bruh irl
2021-11-10 22:08:29-05:00,2021-11-10,22,comment,Comment.Comments.CommentsList,,doesn’t dance
2021-11-10 22:07:54-05:00,2021-11-10,22,comment,Comment.Comments.CommentsList,,Unibrown
2021-11-10 22:07:25-05:00,2021-11-10,22,comment,Comment.Comments.CommentsList,,doesn’t let me hangout with other humans 😅😅
2021-11-10 22:06:42-05:00,2021-11-10,22,comment,Comment.Comments.CommentsList,,mean to me
2021-11-10 22:06:11-05:00,2021-11-10,22,comment,Comment.Comments.CommentsList,,doesn’t like to do anything i want to do 😔😔
2021-11-10 22:05:51-05:00,2021-11-10,22,comment,Comment.Comments.CommentsList,,Doesn’t like the weekend or juice wrld or Travis Scott(before concert)….
2021-11-10 22:05:28-05:00,2021-11-10,22,comment,Comment.Comments.CommentsList,,doesn’t like buffalo wings wtf
2021-11-10 22:04:59-05:00,2021-11-10,22,comment,Comment.Comments.CommentsList,,hard on self a lot
2021-11-10 15:39:32-05:00,2021-11-10,15,comment,Comment.Comments.CommentsList,,@sierra
2021-11-10 15:39:23-05:00,2021-11-10,15,comment,Comment.Comments.CommentsList,,Most certainly no question in my mind her
2021-11-09 15:33:31-05:00,2021-11-09,15,comment,Comment.Comments.CommentsList,,The correct term is collectibles
2021-11-08 07:38:42-05:00,2021-11-08,7,comment,Comment.Comments.CommentsList,,Fr
2021-10-29 18:44:24-04:00,2021-10-29,18,comment,Comment.Comments.CommentsList,,What I was literally just thinking
2021-10-24 00:32:33-04:00,2021-10-24,0,comment,Comment.Comments.CommentsList,,I am spiritually a changed man
2021-10-15 19:51:25-04:00,2021-10-15,19,comment,Comment.Comments.CommentsList,,Can’t stop won’t stop 😤
2021-10-14 15:06:29-04:00,2021-10-14,15,comment,Comment.Comments.CommentsList,,72
2021-10-05 01:16:52-04:00,2021-10-05,1,comment,Comment.Comments.CommentsList,,goes crazy
2021-09-25 20:45:09-04:00,2021-09-25,20,comment,Comment.Comments.CommentsList,,U foul for that
2021-09-05 21:13:44-04:00,2021-09-05,21,comment,Comment.Comments.CommentsList,,Dad joke vibes gotta love it
2021-09-05 01:14:12-04:00,2021-09-05,1,comment,Comment.Comments.CommentsList,,you can tell he fighting demons for us 🤧
2021-09-03 19:46:48-04:00,2021-09-03,19,comment,Comment.Comments.CommentsList,,Man woke up and chose the truth amen brother
2021-09-03 19:46:35-04:00,2021-09-03,19,comment,Comment.Comments.CommentsList,,Mama speaking fax
2021-09-02 10:33:25-04:00,2021-09-02,10,comment,Comment.Comments.CommentsList,,I’m posting mine then
2021-08-27 19:32:21-04:00,2021-08-27,19,comment,Comment.Comments.CommentsList,,When your name is literally Giancarlos like
2021-08-24 13:36:26-04:00,2021-08-24,13,comment,Comment.Comments.CommentsList,,Okay zenitsu chillll
2021-08-22 01:53:33-04:00,2021-08-22,1,comment,Comment.Comments.CommentsList,,man this shit ass
2021-08-20 12:13:06-04:00,2021-08-20,12,comment,Comment.Comments.CommentsList,,THIS MAN IS ZENITSU
2021-08-19 21:49:56-04:00,2021-08-19,21,comment,Comment.Comments.CommentsList,,this is so freaking cute
2021-08-19 21:49:24-04:00,2021-08-19,21,comment,Comment.Comments.CommentsList,,yes yes yes yes :)
2021-08-18 00:02:54-04:00,2021-08-18,0,comment,Comment.Comments.CommentsList,,@jeanstein.666 😳👀😅
2021-08-15 21:31:26-04:00,2021-08-15,21,comment,Comment.Comments.CommentsList,,mum*
2021-08-11 22:30:45-04:00,2021-08-11,22,comment,Comment.Comments.CommentsList,,She so FINE
2021-08-11 22:30:29-04:00,2021-08-11,22,comment,Comment.Comments.CommentsList,,GAHHH DAMNN HOT MAMA 🥵🥵
2021-08-10 16:22:59-04:00,2021-08-10,16,comment,Comment.Comments.CommentsList,,THIS IS SICKKK
2021-08-07 22:57:18-04:00,2021-08-07,22,comment,Comment.Comments.CommentsList,,I claim 100% MOST DEFINITELY
2021-08-07 17:25:30-04:00,2021-08-07,17,comment,Comment.Comments.CommentsList,,why did i just try to do this
2021-08-02 23:06:32-04:00,2021-08-02,23,comment,Comment.Comments.CommentsList,,@jeanstein.666 send this to me 😅
2021-07-30 02:14:03-04:00,2021-07-30,2,comment,Comment.Comments.CommentsList,,yeah we can but like only when it’s really hard
2021-07-30 02:12:15-04:00,2021-07-30,2,comment,Comment.Comments.CommentsList,,yeah it’s tru
2021-07-29 12:51:12-04:00,2021-07-29,12,comment,Comment.Comments.CommentsList,,I want a pc to play with my friends cause everyone got one now
2021-07-25 23:10:07-04:00,2021-07-25,23,comment,Comment.Comments.CommentsList,,That’s a frosted coffee from Chick-fil-A
2021-07-24 00:39:32-04:00,2021-07-24,0,comment,Comment.Comments.CommentsList,,Yurrr
2021-07-22 12:57:56-04:00,2021-07-22,12,comment,Comment.Comments.CommentsList,,I woulda kicked the shit out of the crab
2021-07-19 20:54:01-04:00,2021-07-19,20,comment,Comment.Comments.CommentsList,,Suicide boys ;)
2021-07-19 01:04:47-04:00,2021-07-19,1,comment,Comment.Comments.CommentsList,,Take it back now
2021-07-19 00:02:12-04:00,2021-07-19,0,comment,Comment.Comments.CommentsList,,What in the name of god is that frozone
2021-07-18 00:42:36-04:00,2021-07-18,0,comment,Comment.Comments.CommentsList,,@jeanstein.666 let’s make it happen dang it
2021-07-18 00:29:57-04:00,2021-07-18,0,comment,Comment.Comments.CommentsList,,I’ll try my hardest
2021-07-13 22:58:46-04:00,2021-07-13,22,comment,Comment.Comments.CommentsList,,this mf really always be doing that to me bruh
2021-07-13 16:19:43-04:00,2021-07-13,16,comment,Comment.Comments.CommentsList,,She’s to old for you she’s 19
2021-07-07 23:56:56-04:00,2021-07-07,23,comment,Comment.Comments.CommentsList,,@josh_hutter
2021-07-07 12:12:39-04:00,2021-07-07,12,comment,Comment.Comments.CommentsList,,"@jeanstein.666 3,4, or 8"
2021-07-05 11:08:23-04:00,2021-07-05,11,comment,Comment.Comments.CommentsList,,Yeah let’s go
2021-07-05 11:04:34-04:00,2021-07-05,11,comment,Comment.Comments.CommentsList,,Ong bro
2021-07-03 14:33:47-04:00,2021-07-03,14,comment,Comment.Comments.CommentsList,,@_____saitama_____：😳ist🤑zwar🙄nicht🤐Blau😂aber😏Hacken🥵Sind🤒 wienschen😷man😍sollte🤗sie😇 nicht🤤nach😻ihrer🙈Farber😈 Verurteilenу
2021-06-29 22:28:54-04:00,2021-06-29,22,comment,Comment.Comments.CommentsList,,Red wedding hits different
2021-06-29 03:03:12-04:00,2021-06-29,3,comment,Comment.Comments.CommentsList,,@jeanstein.666
2021-06-28 20:15:33-04:00,2021-06-28,20,comment,Comment.Comments.CommentsList,,Thrupals bruh
2021-06-28 20:13:56-04:00,2021-06-28,20,comment,Comment.Comments.CommentsList,,you got a beautiful voice bro
2021-06-28 19:36:54-04:00,2021-06-28,19,comment,Comment.Comments.CommentsList,,nah fr do
2021-06-27 11:26:57-04:00,2021-06-27,11,comment,Comment.Comments.CommentsList,,Boy Pablo yesss
2021-06-27 10:46:36-04:00,2021-06-27,10,comment,Comment.Comments.CommentsList,,Thought it was beetlejuice for a second
2021-06-27 10:46:09-04:00,2021-06-27,10,comment,Comment.Comments.CommentsList,,Old people <3
2021-06-27 10:45:32-04:00,2021-06-27,10,comment,Comment.Comments.CommentsList,,Greg put down the phone
2021-06-26 21:06:52-04:00,2021-06-26,21,comment,Comment.Comments.CommentsList,,at the beach sky duh
2021-06-26 21:06:43-04:00,2021-06-26,21,comment,Comment.Comments.CommentsList,,oh yeah ;)
2021-06-26 14:38:53-04:00,2021-06-26,14,comment,Comment.Comments.CommentsList,,She got drip now to
2021-06-26 02:35:22-04:00,2021-06-26,2,comment,Comment.Comments.CommentsList,,YOU ARE SO HOT
2021-06-21 21:56:15-04:00,2021-06-21,21,comment,Comment.Comments.CommentsList,,You don’t even gotta ask me twice ik this is what entering heaven feels like
2021-06-14 11:41:12-04:00,2021-06-14,11,comment,Comment.Comments.CommentsList,,who that cute boy
2021-06-11 12:06:34-04:00,2021-06-11,12,comment,Comment.Comments.CommentsList,,That’s what I’m saying 😭
2021-06-10 23:26:16-04:00,2021-06-10,23,comment,Comment.Comments.CommentsList,,December 16th
2021-06-08 15:28:40-04:00,2021-06-08,15,comment,Comment.Comments.CommentsList,,prince Zuko 🤴
2021-06-06 10:58:43-04:00,2021-06-06,10,comment,Comment.Comments.CommentsList,,Sacred lands bby
2021-05-30 19:05:20-04:00,2021-05-30,19,comment,Comment.Comments.CommentsList,,goddd danngggg chilllll leave some crumbs for the rest of us
2021-05-28 23:47:29-04:00,2021-05-28,23,comment,Comment.Comments.CommentsList,,i only wear them everyday 😏
2021-05-27 23:27:45-04:00,2021-05-27,23,comment,Comment.Comments.CommentsList,,@badbichbella_oasisluvr if you wanna go attack her
2021-05-27 23:17:40-04:00,2021-05-27,23,comment,Comment.Comments.CommentsList,,I’m currently Josh’s guard so to get to him you have to go through me pal
2021-05-26 09:39:46-04:00,2021-05-26,9,comment,Comment.Comments.CommentsList,,Reply to @badbichbella_oasisluvr lowkey hurt
2021-05-26 08:32:15-04:00,2021-05-26,8,comment,Comment.Comments.CommentsList,,@angelaa.mayy this reminds me of Dan
2021-05-25 16:42:18-04:00,2021-05-25,16,comment,Comment.Comments.CommentsList,,@angelaa.mayy
2021-05-19 16:00:21-04:00,2021-05-19,16,comment,Comment.Comments.CommentsList,,oh nawwww 🤢
2021-05-12 19:02:57-04:00,2021-05-12,19,comment,Comment.Comments.CommentsList,,This is so tuff how i do this 😠
2021-05-08 19:58:27-04:00,2021-05-08,19,comment,Comment.Comments.CommentsList,,As you should 😤
2021-04-27 00:09:59-04:00,2021-04-27,0,comment,Comment.Comments.CommentsList,,found a cheat codeeee
2021-04-27 00:09:55-04:00,2021-04-27,0,comment,Comment.Comments.CommentsList,,found the Easter egg
2021-04-26 20:27:24-04:00,2021-04-26,20,comment,Comment.Comments.CommentsList,,everything sucks was such a good ass show
2021-04-20 00:11:03-04:00,2021-04-20,0,comment,Comment.Comments.CommentsList,,Huh i have no clue
2021-04-19 00:51:04-04:00,2021-04-19,0,comment,Comment.Comments.CommentsList,,Sheeeshhh who that first lad 👀
2021-04-17 22:36:11-04:00,2021-04-17,22,comment,Comment.Comments.CommentsList,,brah what
2021-04-17 22:17:31-04:00,2021-04-17,22,comment,Comment.Comments.CommentsList,,Let me say it louder for the ppl in the back SHHHEEEEEEEESSSHHH
2021-04-16 23:39:08-04:00,2021-04-16,23,comment,Comment.Comments.CommentsList,,hi 🙋‍♂️
2021-04-15 21:56:41-04:00,2021-04-15,21,comment,Comment.Comments.CommentsList,,I discovered an actual gem bruhh
2021-04-15 21:53:22-04:00,2021-04-15,21,comment,Comment.Comments.CommentsList,,I’m Hispanic just wanted you to know
2021-04-15 13:55:49-04:00,2021-04-15,13,comment,Comment.Comments.CommentsList,,uhhh execuse me? tf
2021-04-14 22:44:03-04:00,2021-04-14,22,comment,Comment.Comments.CommentsList,,lol
2021-04-13 15:32:40-04:00,2021-04-13,15,comment,Comment.Comments.CommentsList,,Sha sheesh
2021-04-12 19:39:05-04:00,2021-04-12,19,comment,Comment.Comments.CommentsList,,You hurt my eyeballs with a passion bruh
2021-04-11 16:56:37-04:00,2021-04-11,16,comment,Comment.Comments.CommentsList,,Tufffff brooo
2021-04-11 16:51:48-04:00,2021-04-11,16,comment,Comment.Comments.CommentsList,,alanah why are you on my fyp-
2021-04-09 15:39:37-04:00,2021-04-09,15,comment,Comment.Comments.CommentsList,,I’m right here
2021-04-09 02:07:43-04:00,2021-04-09,2,comment,Comment.Comments.CommentsList,,fyp no capppp
2021-04-09 01:49:19-04:00,2021-04-09,1,comment,Comment.Comments.CommentsList,,THE BEEPS BRUH 😂
2021-04-07 12:33:16-04:00,2021-04-07,12,comment,Comment.Comments.CommentsList,,giancarlosavil4
2021-04-06 20:33:55-04:00,2021-04-06,20,comment,Comment.Comments.CommentsList,,Noooo not Jameis Winston 😭 but nice dancing
2021-04-06 15:27:12-04:00,2021-04-06,15,comment,Comment.Comments.CommentsList,,giancarlosavil4 😁
2021-04-06 15:16:56-04:00,2021-04-06,15,comment,Comment.Comments.CommentsList,,Can you do a hunter x hunter edit
2021-04-05 16:25:10-04:00,2021-04-05,16,comment,Comment.Comments.CommentsList,,I’ve been waiting 🤧
2021-04-04 21:32:17-04:00,2021-04-04,21,comment,Comment.Comments.CommentsList,,I try my hardest 😁😏
2021-04-02 11:52:21-04:00,2021-04-02,11,comment,Comment.Comments.CommentsList,,Why am I scared and super happy at the same time 😳😏
2021-03-28 13:08:28-04:00,2021-03-28,13,comment,Comment.Comments.CommentsList,,Uhhmmmm
2021-03-27 16:03:18-04:00,2021-03-27,16,comment,Comment.Comments.CommentsList,,i would never
2021-03-27 16:00:23-04:00,2021-03-27,16,comment,Comment.Comments.CommentsList,,oh my gawwddd 😀
2021-03-26 22:17:17-04:00,2021-03-26,22,comment,Comment.Comments.CommentsList,,wait cap
2021-03-26 15:33:51-04:00,2021-03-26,15,comment,Comment.Comments.CommentsList,,SHEEEESHHHH 🔥 🔥
2021-03-25 20:38:03-04:00,2021-03-25,20,comment,Comment.Comments.CommentsList,,yo Joshua WE CAN HEAR YOU
2021-03-25 20:20:10-04:00,2021-03-25,20,comment,Comment.Comments.CommentsList,,@kellan.521 🤡
2021-03-25 20:18:45-04:00,2021-03-25,20,comment,Comment.Comments.CommentsList,,December the prettiest one ofc
2021-03-25 15:26:31-04:00,2021-03-25,15,comment,Comment.Comments.CommentsList,,Ay ay mi bola
2021-03-25 08:53:37-04:00,2021-03-25,8,comment,Comment.Comments.CommentsList,,I want a pug or a French bulldog more than anything
2021-03-25 08:35:54-04:00,2021-03-25,8,comment,Comment.Comments.CommentsList,,My name is literally dedicated to him he’s my whole mantra
2021-03-25 08:35:29-04:00,2021-03-25,8,comment,Comment.Comments.CommentsList,,Uh woah
2021-03-22 22:43:54-04:00,2021-03-22,22,comment,Comment.Comments.CommentsList,,Peeddddoooooo wear me
2021-03-21 14:38:46-04:00,2021-03-21,14,comment,Comment.Comments.CommentsList,,Someone please like this to get me our
2021-03-19 21:14:00-04:00,2021-03-19,21,comment,Comment.Comments.CommentsList,,we should sing remember me now
2021-03-12 16:28:45-05:00,2021-03-12,16,comment,Comment.Comments.CommentsList,,I didn’t mean to
2021-03-12 16:28:31-05:00,2021-03-12,16,comment,Comment.Comments.CommentsList,,Oh shi
2021-03-11 16:30:09-05:00,2021-03-11,16,comment,Comment.Comments.CommentsList,,Fuck
2021-03-11 12:59:51-05:00,2021-03-11,12,comment,Comment.Comments.CommentsList,,decian OOOOOOHHHH TUFFF
2021-03-11 09:25:16-05:00,2021-03-11,9,comment,Comment.Comments.CommentsList,,someone hang out with her please 😂
2021-03-09 20:45:21-05:00,2021-03-09,20,comment,Comment.Comments.CommentsList,,I
2021-03-09 20:45:18-05:00,2021-03-09,20,comment,Comment.Comments.CommentsList,,P
2021-03-09 20:45:10-05:00,2021-03-09,20,comment,Comment.Comments.CommentsList,,Y
2021-03-09 20:45:08-05:00,2021-03-09,20,comment,Comment.Comments.CommentsList,,Y
2021-03-09 20:45:04-05:00,2021-03-09,20,comment,Comment.Comments.CommentsList,,Y
2021-03-07 18:41:34-05:00,2021-03-07,18,comment,Comment.Comments.CommentsList,,"hear me out, I turn 18 in December just wait a little"
2021-03-07 11:15:49-05:00,2021-03-07,11,comment,Comment.Comments.CommentsList,,Same
2021-03-07 11:11:28-05:00,2021-03-07,11,comment,Comment.Comments.CommentsList,,me knowing i dont have an ounce of chance 🥸
2021-03-06 10:23:32-05:00,2021-03-06,10,comment,Comment.Comments.CommentsList,,that’s hot
2021-03-05 15:35:06-05:00,2021-03-05,15,comment,Comment.Comments.CommentsList,,Damn
2021-03-05 15:27:23-05:00,2021-03-05,15,comment,Comment.Comments.CommentsList,,"just hear me out, I’ll be 18 by December so just wait a little"
2021-03-04 23:42:23-05:00,2021-03-04,23,comment,Comment.Comments.CommentsList,,Watch it it’s really good I didn’t think so at first but believe the hype
2021-03-04 20:25:44-05:00,2021-03-04,20,comment,Comment.Comments.CommentsList,,hate you
2021-03-04 11:26:17-05:00,2021-03-04,11,comment,Comment.Comments.CommentsList,,both fine af
2021-03-04 11:25:06-05:00,2021-03-04,11,comment,Comment.Comments.CommentsList,,oh my lawd 👴🏾
2021-03-03 09:30:09-05:00,2021-03-03,9,comment,Comment.Comments.CommentsList,,lol ong
2021-03-01 15:14:59-05:00,2021-03-01,15,comment,Comment.Comments.CommentsList,,Beep boop bop notice meeee :D
2021-02-27 00:28:34-05:00,2021-02-27,0,comment,Comment.Comments.CommentsList,,can we go skating to an abandoned asylum holding hands please :)
2021-02-26 09:21:55-05:00,2021-02-26,9,comment,Comment.Comments.CommentsList,,bruh im in school rn chill on me
2021-02-23 21:10:26-05:00,2021-02-23,21,comment,Comment.Comments.CommentsList,,oh wow haha
2021-02-20 21:23:21-05:00,2021-02-20,21,comment,Comment.Comments.CommentsList,,Can you do this “😡👉🏼👈🏼” pretty please
2021-02-18 13:46:26-05:00,2021-02-18,13,comment,Comment.Comments.CommentsList,,Mr. angryreactions can you do this “👉🏼👈🏼”
2021-02-18 00:17:33-05:00,2021-02-18,0,comment,Comment.Comments.CommentsList,,BAHAHAHAHAHAHAH WHAT THE DUMB ASS IS FALLING FOR THIS
2021-02-18 00:17:09-05:00,2021-02-18,0,comment,Comment.Comments.CommentsList,,💀
2021-02-16 23:47:36-05:00,2021-02-16,23,comment,Comment.Comments.CommentsList,,wow so wanna go skating to an abandoned asylum? ☹️pleassseeee
2021-02-16 19:31:12-05:00,2021-02-16,19,comment,Comment.Comments.CommentsList,,could hold hands the whole way to 👉🏼👈🏼
2021-02-16 19:28:51-05:00,2021-02-16,19,comment,Comment.Comments.CommentsList,,wow so wanna go skating to an abandoned asylum? ☹️pleassseeee
2021-02-16 12:03:08-05:00,2021-02-16,12,comment,Comment.Comments.CommentsList,,Tenet like
2021-02-16 00:19:42-05:00,2021-02-16,0,comment,Comment.Comments.CommentsList,,𓅷𓆏𓃰𓃠𓅿𓂻𓃱𓃗𓅓𓆙𓀿𓂉𓃒𓃒𓃗𓃘𓃝𓃟𓃠𓃡𓃩𓃬𓃯𓃰𓃱𓃲𓃵𓃷𓃹𓄿𓅜𓅦𓅪𓅭𓅰𓆈𓆉
2021-02-16 00:19:38-05:00,2021-02-16,0,comment,Comment.Comments.CommentsList,,￼
2021-02-15 23:51:38-05:00,2021-02-15,23,comment,Comment.Comments.CommentsList,,"1. you that read wrong
2. you read that wrong
4.you checked
5. oh I skipped 3
6 you checked
7 where is my like"
2021-02-15 19:00:13-05:00,2021-02-15,19,comment,Comment.Comments.CommentsList,,I woulda wished for you
2021-02-14 02:27:39-05:00,2021-02-14,2,comment,Comment.Comments.CommentsList,,I finished jokes on you
2021-02-14 02:23:34-05:00,2021-02-14,2,comment,Comment.Comments.CommentsList,,I’m sorry so Addison Rae is a Youtuber all of a sudden and not a Tik toker?
2021-02-14 02:11:17-05:00,2021-02-14,2,comment,Comment.Comments.CommentsList,,this song would just get ok my nerves sometimes playing the game
2021-02-14 02:07:18-05:00,2021-02-14,2,comment,Comment.Comments.CommentsList,,Suddenly im sad again
2021-02-13 00:46:50-05:00,2021-02-13,0,comment,Comment.Comments.CommentsList,,can you like this comment so i can flex on this girl who flexes on me all the time
2021-02-12 23:43:00-05:00,2021-02-12,23,comment,Comment.Comments.CommentsList,,And then she got coconut MALLEEDDD
2021-02-12 23:42:32-05:00,2021-02-12,23,comment,Comment.Comments.CommentsList,,It’s so innocent 😂
2021-02-12 22:45:28-05:00,2021-02-12,22,comment,Comment.Comments.CommentsList,,Forgive me you are so right
2021-02-12 22:31:17-05:00,2021-02-12,22,comment,Comment.Comments.CommentsList,,Looooool im dead tell your famous friend to shout me out and holy fuck I forgot to do my hw
2021-02-12 22:26:28-05:00,2021-02-12,22,comment,Comment.Comments.CommentsList,,Awww bestie stop talking about me like thattttt i already know 💅
2021-02-12 22:24:01-05:00,2021-02-12,22,comment,Comment.Comments.CommentsList,,soooo i liked it at 400 something and now it’s at 4000 girl you famous
2021-02-12 22:21:58-05:00,2021-02-12,22,comment,Comment.Comments.CommentsList,,your phone getting the beating of a lifetime no cap ✋🏽
2021-02-12 22:18:31-05:00,2021-02-12,22,comment,Comment.Comments.CommentsList,,Hol up another 1000 WTF looool im sorry 🥲
2021-02-12 22:17:32-05:00,2021-02-12,22,comment,Comment.Comments.CommentsList,,wait w- why is this on my fyp I’m so confused
2021-02-12 22:15:41-05:00,2021-02-12,22,comment,Comment.Comments.CommentsList,,Bruh I literally just liked your comment 7 minutes ago and you mean to tell me 2000 more people have liked it
2021-02-12 22:08:06-05:00,2021-02-12,22,comment,Comment.Comments.CommentsList,,Thank you for speaking for us in the back
2021-02-12 10:11:57-05:00,2021-02-12,10,comment,Comment.Comments.CommentsList,,Thad literally the first thing I thought of 😭 😂
2021-02-12 08:30:16-05:00,2021-02-12,8,comment,Comment.Comments.CommentsList,,Ponyo
2021-02-12 02:28:30-05:00,2021-02-12,2,comment,Comment.Comments.CommentsList,,you funny af bruh don’t mean you gotta stop 😂
2021-02-11 19:13:11-05:00,2021-02-11,19,comment,Comment.Comments.CommentsList,,Nice 👍
2021-02-11 19:06:15-05:00,2021-02-11,19,comment,Comment.Comments.CommentsList,,Nice
2021-02-10 01:48:16-05:00,2021-02-10,1,comment,Comment.Comments.CommentsList,,Dinkleburg
2021-02-10 01:22:23-05:00,2021-02-10,1,comment,Comment.Comments.CommentsList,,wow can you actually win in it like the movie I’m so gonna play that with my friend then
2021-02-09 11:45:27-05:00,2021-02-09,11,comment,Comment.Comments.CommentsList,,What are you talking about 😂
2021-02-09 11:23:39-05:00,2021-02-09,11,comment,Comment.Comments.CommentsList,,you are beautiful
2021-02-06 23:11:04-05:00,2021-02-06,23,comment,Comment.Comments.CommentsList,,@daviddobrik
2021-02-06 23:08:48-05:00,2021-02-06,23,comment,Comment.Comments.CommentsList,,Looks like I’m applying to be a swimming instructor
2021-02-06 23:03:58-05:00,2021-02-06,23,comment,Comment.Comments.CommentsList,,Say ong
2021-02-06 23:02:27-05:00,2021-02-06,23,comment,Comment.Comments.CommentsList,,I think we all thinking the same thing about everything going on
2021-02-06 23:02:12-05:00,2021-02-06,23,comment,Comment.Comments.CommentsList,,I know I’m here before this blows up my god
2021-02-05 18:30:10-05:00,2021-02-05,18,comment,Comment.Comments.CommentsList,,@bridieboo19
2021-02-02 19:57:39-05:00,2021-02-02,19,comment,Comment.Comments.CommentsList,,can you do this please “👉🏼👈🏼”
2021-02-02 19:57:06-05:00,2021-02-02,19,comment,Comment.Comments.CommentsList,,Nice
2021-01-29 10:04:54-05:00,2021-01-29,10,comment,Comment.Comments.CommentsList,,G
2021-01-26 08:39:50-05:00,2021-01-26,8,comment,Comment.Comments.CommentsList,,So dead
2021-01-23 16:18:20-05:00,2021-01-23,16,comment,Comment.Comments.CommentsList,,YOU WATCH HUNTER X HUNTERRR??
2021-01-17 09:39:50-05:00,2021-01-17,9,comment,Comment.Comments.CommentsList,,bruh come on what bruh was that
2021-01-11 20:51:17-05:00,2021-01-11,20,comment,Comment.Comments.CommentsList,,Ong i draw this in my notebook when I’m bored in class
2021-01-08 16:16:27-05:00,2021-01-08,16,comment,Comment.Comments.CommentsList,,Lowkey hits
2021-01-08 09:59:28-05:00,2021-01-08,9,comment,Comment.Comments.CommentsList,,17 for how many years it took me to get a girl :)
2021-01-08 08:58:50-05:00,2021-01-08,8,comment,Comment.Comments.CommentsList,,This is just straight out of tenet 😳
2021-01-07 21:06:15-05:00,2021-01-07,21,comment,Comment.Comments.CommentsList,,I’m a bad bitch
2021-01-06 21:13:58-05:00,2021-01-06,21,comment,Comment.Comments.CommentsList,,I love this song
2021-01-05 19:48:17-05:00,2021-01-05,19,comment,Comment.Comments.CommentsList,,😂 ❤️
2021-01-05 14:42:39-05:00,2021-01-05,14,comment,Comment.Comments.CommentsList,,Does a mandolorian chain count?
2021-01-05 14:42:09-05:00,2021-01-05,14,comment,Comment.Comments.CommentsList,,🧢 also needs a tan in Africa
2021-01-05 14:39:58-05:00,2021-01-05,14,comment,Comment.Comments.CommentsList,,"Ong he need that eye lid thing for brown eyes, become mean, get a boating license, etc"
2021-01-05 14:36:39-05:00,2021-01-05,14,comment,Comment.Comments.CommentsList,,@josh_hutter gonna have to make some changes
2021-01-05 10:46:03-05:00,2021-01-05,10,comment,Comment.Comments.CommentsList,,No really 💀
2021-01-04 18:32:31-05:00,2021-01-04,18,comment,Comment.Comments.CommentsList,,Wait I have adhd now? Wtf 🥲🥲
2021-01-04 01:55:59-05:00,2021-01-04,1,comment,Comment.Comments.CommentsList,,Wtf cute af wtf omggg omg
2021-01-03 15:01:01-05:00,2021-01-03,15,comment,Comment.Comments.CommentsList,,Why it always at the Walmart’s haven’t they had enough 🥲
2021-01-02 06:07:59-05:00,2021-01-02,6,comment,Comment.Comments.CommentsList,,"Escanor cause his deep voice and cockiness is fun to rein-act, HOLY SWORD ESCANORRR"
2021-01-02 00:07:35-05:00,2021-01-02,0,comment,Comment.Comments.CommentsList,,Omg Omg omg
2021-01-02 00:07:27-05:00,2021-01-02,0,comment,Comment.Comments.CommentsList,,This is epic
2021-01-02 00:07:11-05:00,2021-01-02,0,comment,Comment.Comments.CommentsList,,Party rockin in the house tonight
2021-01-02 00:07:04-05:00,2021-01-02,0,comment,Comment.Comments.CommentsList,,Ayyyyeoooo
2021-01-02 00:06:31-05:00,2021-01-02,0,comment,Comment.Comments.CommentsList,,Wow
2021-01-02 00:06:10-05:00,2021-01-02,0,comment,Comment.Comments.CommentsList,,Omg
2021-01-02 00:06:08-05:00,2021-01-02,0,comment,Comment.Comments.CommentsList,,Omg I made her year better
2020-12-31 13:13:26-05:00,2020-12-31,13,comment,Comment.Comments.CommentsList,,Blow up this comment so I can screen record the spam :)
2020-12-30 15:14:54-05:00,2020-12-30,15,comment,Comment.Comments.CommentsList,,Can you be mine :(
2020-12-30 13:51:01-05:00,2020-12-30,13,comment,Comment.Comments.CommentsList,,Lmaooo fr
2020-12-30 02:15:32-05:00,2020-12-30,2,comment,Comment.Comments.CommentsList,,Claim your blessed tickets 🎟🎟🎟🎟🎟🎟🎟
2020-12-30 02:14:27-05:00,2020-12-30,2,comment,Comment.Comments.CommentsList,,hey don’t look there stoopid 👋🏾
2020-12-30 02:05:14-05:00,2020-12-30,2,comment,Comment.Comments.CommentsList,,Cap
2020-12-30 02:05:07-05:00,2020-12-30,2,comment,Comment.Comments.CommentsList,,In your wildest dreams
2020-12-30 02:04:59-05:00,2020-12-30,2,comment,Comment.Comments.CommentsList,,Cause u won’t
2020-12-30 02:04:50-05:00,2020-12-30,2,comment,Comment.Comments.CommentsList,,I literally dare u
2020-12-30 02:04:44-05:00,2020-12-30,2,comment,Comment.Comments.CommentsList,,Bet
2020-12-30 01:58:55-05:00,2020-12-30,1,comment,Comment.Comments.CommentsList,,What this man said
2020-12-29 00:18:04-05:00,2020-12-29,0,comment,Comment.Comments.CommentsList,,Why be basic when you could be different 🥶🥶🥶🥶🥶🥶🥶🥶
2020-12-28 23:38:14-05:00,2020-12-28,23,comment,Comment.Comments.CommentsList,,Nah be different 😎🥶🥶
2020-12-28 21:26:28-05:00,2020-12-28,21,comment,Comment.Comments.CommentsList,,ayeoo why does every girl got that chain no disrespect lol
2020-12-28 21:23:29-05:00,2020-12-28,21,comment,Comment.Comments.CommentsList,,I thought the same thing bruh 😂
2020-12-28 19:34:05-05:00,2020-12-28,19,comment,Comment.Comments.CommentsList,,Bruh he reminds of the kid from goonies 😂
2020-12-28 19:25:43-05:00,2020-12-28,19,comment,Comment.Comments.CommentsList,,I’m 16 so likeee
2020-12-27 23:59:44-05:00,2020-12-27,23,comment,Comment.Comments.CommentsList,,Oh I was looking for a comment for a million likes 🤦🏽‍♂️
2020-12-27 04:02:04-05:00,2020-12-27,4,comment,Comment.Comments.CommentsList,,Why is it always the Viking fans
2020-12-26 03:01:23-05:00,2020-12-26,3,comment,Comment.Comments.CommentsList,,"☐ single
☐ taken
☑ simping over a tik tok girl who doesn’t even know I exist"
2020-12-26 02:45:33-05:00,2020-12-26,2,comment,Comment.Comments.CommentsList,,I saw you at the mall and can’t stop thinking about you
2020-12-25 18:09:51-05:00,2020-12-25,18,comment,Comment.Comments.CommentsList,,May I be your blacksmith please
2020-12-25 18:08:08-05:00,2020-12-25,18,comment,Comment.Comments.CommentsList,,sorry i lost my glasses just come a tiny bit closer lol
2020-12-25 18:00:47-05:00,2020-12-25,18,comment,Comment.Comments.CommentsList,,I met them somewhere far away and now we talk everyday forever she’s so funny and literally the most beautiful girl ever but we are so far
2020-12-24 21:21:42-05:00,2020-12-24,21,comment,Comment.Comments.CommentsList,,👀
2020-12-24 20:52:47-05:00,2020-12-24,20,comment,Comment.Comments.CommentsList,,reply and we lovers
2020-12-23 17:53:55-05:00,2020-12-23,17,comment,Comment.Comments.CommentsList,,it so round :)
2020-12-22 14:12:38-05:00,2020-12-22,14,comment,Comment.Comments.CommentsList,,@daviddobrik I’m gonna be so mad if u don’t help them
2020-12-22 14:12:28-05:00,2020-12-22,14,comment,Comment.Comments.CommentsList,,@daviddobrik if u seeing this please help them
2020-12-22 14:12:18-05:00,2020-12-22,14,comment,Comment.Comments.CommentsList,,@daviddobrik I need u to come through
2020-12-22 14:12:11-05:00,2020-12-22,14,comment,Comment.Comments.CommentsList,,@daviddobrik like please help them out
2020-12-22 14:12:01-05:00,2020-12-22,14,comment,Comment.Comments.CommentsList,,@daviddobrik she is struggling
2020-12-22 14:11:43-05:00,2020-12-22,14,comment,Comment.Comments.CommentsList,,@daviddobrik bro honestly
2020-12-22 10:40:55-05:00,2020-12-22,10,comment,Comment.Comments.CommentsList,,365 milliseconds
2020-12-22 10:32:01-05:00,2020-12-22,10,comment,Comment.Comments.CommentsList,,Lol why you get my neck like that :)
2020-12-22 01:52:34-05:00,2020-12-22,1,comment,Comment.Comments.CommentsList,,Is he saving the damn fish or killing it 😂
2020-12-21 17:45:33-05:00,2020-12-21,17,comment,Comment.Comments.CommentsList,,ily ily ily
2020-12-21 17:41:07-05:00,2020-12-21,17,comment,Comment.Comments.CommentsList,,she’s a blacksmith guys
2020-12-19 20:20:21-05:00,2020-12-19,20,comment,Comment.Comments.CommentsList,,She’s someone reason they go on that stupid ass virtual meet in the first place
2020-12-19 19:48:15-05:00,2020-12-19,19,comment,Comment.Comments.CommentsList,,If so I want a dinosaur one
2020-12-19 19:47:53-05:00,2020-12-19,19,comment,Comment.Comments.CommentsList,,Woahhh are those like those rubber band rings?
2020-12-19 19:41:11-05:00,2020-12-19,19,comment,Comment.Comments.CommentsList,,You a blacksmith?
2020-12-19 19:37:17-05:00,2020-12-19,19,comment,Comment.Comments.CommentsList,,can I be the short Mexican in the family
2020-12-19 19:35:52-05:00,2020-12-19,19,comment,Comment.Comments.CommentsList,,hiiiiiii
2020-12-19 02:22:18-05:00,2020-12-19,2,comment,Comment.Comments.CommentsList,,"Who’s staring at my family like that, fam roll out we have enemies in the premise 😡😡"
2020-12-18 16:09:00-05:00,2020-12-18,16,comment,Comment.Comments.CommentsList,,Yes mam
2020-12-18 16:07:38-05:00,2020-12-18,16,comment,Comment.Comments.CommentsList,,That’s only a little 😳
2020-12-18 03:26:49-05:00,2020-12-18,3,comment,Comment.Comments.CommentsList,,imagine the hugs she could give you and the cuddles :(
2020-12-17 16:12:39-05:00,2020-12-17,16,comment,Comment.Comments.CommentsList,,"Shit make it 100,001 now tf"
2020-12-17 16:06:52-05:00,2020-12-17,16,comment,Comment.Comments.CommentsList,,She’s so sexc and fine uwu :)
2020-12-16 22:29:53-05:00,2020-12-16,22,comment,Comment.Comments.CommentsList,,Wait we boys do this to each other in the party chat all the time and y’all find it attractive? FUCK
2020-12-16 22:27:29-05:00,2020-12-16,22,comment,Comment.Comments.CommentsList,,LMAOOOO on a real note I’m taking it so
2020-12-16 21:36:20-05:00,2020-12-16,21,comment,Comment.Comments.CommentsList,,Give your brother back the control before he tells mom and dad
2020-12-16 21:34:43-05:00,2020-12-16,21,comment,Comment.Comments.CommentsList,,i love baby yoda on your phone you are my favorite person 😡😡
2020-12-16 21:33:34-05:00,2020-12-16,21,comment,Comment.Comments.CommentsList,,Aww i lowkey feel bad that is how everyone reacts
2020-12-16 10:24:56-05:00,2020-12-16,10,comment,Comment.Comments.CommentsList,,You would be the girl every mf to shy to talk to cause we think you on goddess stat and don’t like anyone else here cause we to ugly
2020-12-15 15:15:05-05:00,2020-12-15,15,comment,Comment.Comments.CommentsList,,Dummy ong 🥱
2020-12-15 15:10:26-05:00,2020-12-15,15,comment,Comment.Comments.CommentsList,,yawr welcome luv you should go professional
2020-12-15 15:04:09-05:00,2020-12-15,15,comment,Comment.Comments.CommentsList,,And you’re voice is beautiful btw <3
2020-12-15 12:57:25-05:00,2020-12-15,12,comment,Comment.Comments.CommentsList,,Thinking about how to make you my main
2020-12-15 12:26:07-05:00,2020-12-15,12,comment,Comment.Comments.CommentsList,,Omg I love you so much 🥺❤️
2020-12-14 10:56:24-05:00,2020-12-14,10,comment,Comment.Comments.CommentsList,,Kinda looks like a young masculine version of Shaq
2020-12-14 10:22:35-05:00,2020-12-14,10,comment,Comment.Comments.CommentsList,,But this one bigger than your main lol
2020-12-13 21:56:23-05:00,2020-12-13,21,comment,Comment.Comments.CommentsList,,Please
2020-12-13 01:18:12-05:00,2020-12-13,1,comment,Comment.Comments.CommentsList,,Pretty please.
2020-12-12 23:59:59-05:00,2020-12-12,23,comment,Comment.Comments.CommentsList,,Jesus
2020-12-12 00:47:35-05:00,2020-12-12,0,comment,Comment.Comments.CommentsList,,@drphil oh
2020-12-11 22:46:47-05:00,2020-12-11,22,comment,Comment.Comments.CommentsList,,POV: you want to hug her :)
2020-12-11 15:45:14-05:00,2020-12-11,15,comment,Comment.Comments.CommentsList,,How many times am I gonna see this shit 😂
2020-12-11 14:30:42-05:00,2020-12-11,14,comment,Comment.Comments.CommentsList,,Shitt I did all
2020-12-11 14:30:27-05:00,2020-12-11,14,comment,Comment.Comments.CommentsList,,Yes
2020-12-10 16:00:47-05:00,2020-12-10,16,comment,Comment.Comments.CommentsList,,@daviddobrik oh dang fr
2020-12-08 14:33:18-05:00,2020-12-08,14,comment,Comment.Comments.CommentsList,,nooo wayyy you’re that waitress I saw when I was 5 and geeked on the floor almost died thank you :)
2020-12-08 13:02:04-05:00,2020-12-08,13,comment,Comment.Comments.CommentsList,,Chuck E. Cheese pizza hit different
2020-12-08 11:38:01-05:00,2020-12-08,11,comment,Comment.Comments.CommentsList,,She don’t even respond to ppl no more bruh I’ll respond to you though
2020-12-08 11:28:07-05:00,2020-12-08,11,comment,Comment.Comments.CommentsList,,can we like talk about how fine you are 😳
2020-12-07 18:01:39-05:00,2020-12-07,18,comment,Comment.Comments.CommentsList,,Fr.
2020-12-07 16:21:15-05:00,2020-12-07,16,comment,Comment.Comments.CommentsList,,Could you imagine a bunch of black widows hatching in your own house in the middle of the night 🙃
2020-12-07 02:18:53-05:00,2020-12-07,2,comment,Comment.Comments.CommentsList,,Lmaooo factsss
2020-12-06 19:52:45-05:00,2020-12-06,19,comment,Comment.Comments.CommentsList,,"So he has 2000 replies, yeah I’m out ✌🏽"
2020-12-05 17:36:55-05:00,2020-12-05,17,comment,Comment.Comments.CommentsList,,Thank you tic tac real one g
2020-12-05 17:30:29-05:00,2020-12-05,17,comment,Comment.Comments.CommentsList,,Wait 😳
2020-12-04 23:16:33-05:00,2020-12-04,23,comment,Comment.Comments.CommentsList,,December 16th 🥸
2020-12-03 22:18:32-05:00,2020-12-03,22,comment,Comment.Comments.CommentsList,,nah fam my fyp know where I’m from to now 😂 kinda glad tho
2020-12-01 13:13:42-05:00,2020-12-01,13,comment,Comment.Comments.CommentsList,,Right now
2020-12-01 13:13:40-05:00,2020-12-01,13,comment,Comment.Comments.CommentsList,,Stop that
2020-12-01 13:13:36-05:00,2020-12-01,13,comment,Comment.Comments.CommentsList,,Hey
2020-11-30 20:05:31-05:00,2020-11-30,20,comment,Comment.Comments.CommentsList,,"Once you see the comments from Carti, you can’t go back just letting you know 🥸"
2020-11-27 15:17:05-05:00,2020-11-27,15,comment,Comment.Comments.CommentsList,,I like you but like you said you don’t want to go to bed now you know what you mean you like you do you have a good day love
2020-11-27 15:11:40-05:00,2020-11-27,15,comment,Comment.Comments.CommentsList,,"Giancarlos Giancarlos Giancarlos Giancarlos Giancarlos, *BREATHEEE* Giancarlos Giancarlos"
2020-11-27 15:10:09-05:00,2020-11-27,15,comment,Comment.Comments.CommentsList,,Wait really?
2020-11-27 15:06:24-05:00,2020-11-27,15,comment,Comment.Comments.CommentsList,,I wanna see you because I’m gonna go cry again
2020-11-25 20:52:40-05:00,2020-11-25,20,comment,Comment.Comments.CommentsList,,okay then
2020-11-22 18:35:25-05:00,2020-11-22,18,comment,Comment.Comments.CommentsList,,Where in the hell my pineapples at
2020-11-22 18:07:37-05:00,2020-11-22,18,comment,Comment.Comments.CommentsList,,why ppl so toxic
2020-11-22 17:59:56-05:00,2020-11-22,17,comment,Comment.Comments.CommentsList,,good luck everybody!!
2020-11-22 17:59:04-05:00,2020-11-22,17,comment,Comment.Comments.CommentsList,,Ss
2020-11-22 17:59:03-05:00,2020-11-22,17,comment,Comment.Comments.CommentsList,,S
2020-11-22 17:59:01-05:00,2020-11-22,17,comment,Comment.Comments.CommentsList,,Big dub
2020-11-22 17:58:58-05:00,2020-11-22,17,comment,Comment.Comments.CommentsList,,W
2020-11-22 17:58:56-05:00,2020-11-22,17,comment,Comment.Comments.CommentsList,,L
2020-11-22 17:58:55-05:00,2020-11-22,17,comment,Comment.Comments.CommentsList,,Nation
2020-11-22 17:58:53-05:00,2020-11-22,17,comment,Comment.Comments.CommentsList,,Simp
2020-11-22 17:58:51-05:00,2020-11-22,17,comment,Comment.Comments.CommentsList,,Big did
2020-11-22 17:58:48-05:00,2020-11-22,17,comment,Comment.Comments.CommentsList,,Big bop
2020-11-22 17:58:46-05:00,2020-11-22,17,comment,Comment.Comments.CommentsList,,Chicken
2020-11-19 22:11:12-05:00,2020-11-19,22,comment,Comment.Comments.CommentsList,,I’m no genius but I can confirm that diamond is now the second hardest element
2020-11-19 13:05:36-05:00,2020-11-19,13,comment,Comment.Comments.CommentsList,,I think the other clones turned bad and killed everybody
2020-11-19 13:04:26-05:00,2020-11-19,13,comment,Comment.Comments.CommentsList,,Diamond is now the second hardest element
2020-11-19 10:49:36-05:00,2020-11-19,10,comment,Comment.Comments.CommentsList,,Diamond is now the second hardest element
2020-11-18 23:27:55-05:00,2020-11-18,23,comment,Comment.Comments.CommentsList,,I fucking knew it
2020-11-18 23:27:31-05:00,2020-11-18,23,comment,Comment.Comments.CommentsList,,Diamond is now the second hardest element
2020-11-18 23:11:35-05:00,2020-11-18,23,comment,Comment.Comments.CommentsList,,Diamond is now the second hardest element on earth
2020-11-18 23:02:35-05:00,2020-11-18,23,comment,Comment.Comments.CommentsList,,I am now cross eyed
2020-11-18 22:40:43-05:00,2020-11-18,22,comment,Comment.Comments.CommentsList,,I already said I’d be your friend the first time like daddy chillll
2020-11-18 22:28:10-05:00,2020-11-18,22,comment,Comment.Comments.CommentsList,,I think you should like do one thing at a time and stop overthinking like all of the different things yk
2020-11-17 10:39:33-05:00,2020-11-17,10,comment,Comment.Comments.CommentsList,,How in the Norwegian gods
2020-11-17 10:39:13-05:00,2020-11-17,10,comment,Comment.Comments.CommentsList,,How in the name of the gods
2020-11-17 10:22:31-05:00,2020-11-17,10,comment,Comment.Comments.CommentsList,,You sir are speaking the language of the gods
2020-11-16 10:32:12-05:00,2020-11-16,10,comment,Comment.Comments.CommentsList,,Frrr 😂 😂
2020-11-16 10:19:45-05:00,2020-11-16,10,comment,Comment.Comments.CommentsList,,😩😩😩😩😩😩😩😩😩😩😩😩😩😩😩😩
2020-11-16 10:19:20-05:00,2020-11-16,10,comment,Comment.Comments.CommentsList,,Like wtf even is this
2020-11-15 15:37:47-05:00,2020-11-15,15,comment,Comment.Comments.CommentsList,,What in the BTS is this
2020-11-15 14:12:45-05:00,2020-11-15,14,comment,Comment.Comments.CommentsList,,😂
2020-11-15 13:34:53-05:00,2020-11-15,13,comment,Comment.Comments.CommentsList,,So we making out in electrical what time?
2020-11-15 13:33:36-05:00,2020-11-15,13,comment,Comment.Comments.CommentsList,,What good
2020-11-15 13:33:33-05:00,2020-11-15,13,comment,Comment.Comments.CommentsList,,Be a simp
2020-11-15 13:33:30-05:00,2020-11-15,13,comment,Comment.Comments.CommentsList,,Don’t be a simp
2020-11-15 13:33:26-05:00,2020-11-15,13,comment,Comment.Comments.CommentsList,,Let’s go
2020-11-15 13:33:22-05:00,2020-11-15,13,comment,Comment.Comments.CommentsList,,Boy
2020-11-15 13:33:20-05:00,2020-11-15,13,comment,Comment.Comments.CommentsList,,Yeah
2020-11-15 13:33:18-05:00,2020-11-15,13,comment,Comment.Comments.CommentsList,,Oh
2020-11-12 17:23:24-05:00,2020-11-12,17,comment,Comment.Comments.CommentsList,,Chicken
2020-11-10 23:12:50-05:00,2020-11-10,23,comment,Comment.Comments.CommentsList,,Mans is a 👑 wym??
2020-11-10 23:05:00-05:00,2020-11-10,23,comment,Comment.Comments.CommentsList,,✨ So like we just not gonna discuss the fact you did half a push-up? ✨
2020-11-10 11:35:10-05:00,2020-11-10,11,comment,Comment.Comments.CommentsList,,@angelaa.mayy uhm
2020-11-10 11:28:20-05:00,2020-11-10,11,comment,Comment.Comments.CommentsList,,Lmaooo he did most of the work
2020-11-07 22:18:15-05:00,2020-11-07,22,comment,Comment.Comments.CommentsList,,Hassan whiteside didn’t even care 💀
2020-11-05 12:57:17-05:00,2020-11-05,12,comment,Comment.Comments.CommentsList,,No cap that walk lucky af
2020-11-05 12:55:29-05:00,2020-11-05,12,comment,Comment.Comments.CommentsList,,Baljeet packing
2020-10-30 00:06:34-04:00,2020-10-30,0,comment,Comment.Comments.CommentsList,,this is sad 😢 i go cry
2020-10-28 23:56:01-04:00,2020-10-28,23,comment,Comment.Comments.CommentsList,,Simp
2020-10-22 23:59:45-04:00,2020-10-22,23,comment,Comment.Comments.CommentsList,,Yeah I passed out already on the first what I miss
2020-10-11 18:26:12-04:00,2020-10-11,18,comment,Comment.Comments.CommentsList,,I swear she finds everything funny but this I don’t understand
2020-10-04 16:43:30-04:00,2020-10-04,16,comment,Comment.Comments.CommentsList,,I’m an hour late but hiii
2020-09-28 23:40:25-04:00,2020-09-28,23,comment,Comment.Comments.CommentsList,,Hey
2020-09-28 23:40:23-04:00,2020-09-28,23,comment,Comment.Comments.CommentsList,,Wowowowowow
2020-09-28 23:40:21-04:00,2020-09-28,23,comment,Comment.Comments.CommentsList,,Bullion commented like
2020-09-28 23:40:15-04:00,2020-09-28,23,comment,Comment.Comments.CommentsList,,Like it for no reasons
2020-09-28 23:40:09-04:00,2020-09-28,23,comment,Comment.Comments.CommentsList,,Rawr
2020-09-28 23:40:07-04:00,2020-09-28,23,comment,Comment.Comments.CommentsList,,Saw
2020-09-28 23:40:04-04:00,2020-09-28,23,comment,Comment.Comments.CommentsList,,Frisk it
2020-09-28 23:40:01-04:00,2020-09-28,23,comment,Comment.Comments.CommentsList,,Slap it
2020-09-28 23:39:59-04:00,2020-09-28,23,comment,Comment.Comments.CommentsList,,Get it
2020-09-28 23:39:57-04:00,2020-09-28,23,comment,Comment.Comments.CommentsList,,Pop
2020-09-28 23:39:55-04:00,2020-09-28,23,comment,Comment.Comments.CommentsList,,Poop
2020-09-28 23:39:52-04:00,2020-09-28,23,comment,Comment.Comments.CommentsList,,I
2020-09-28 23:39:51-04:00,2020-09-28,23,comment,Comment.Comments.CommentsList,,I
2020-09-28 23:39:49-04:00,2020-09-28,23,comment,Comment.Comments.CommentsList,,Y
2020-09-28 23:39:47-04:00,2020-09-28,23,comment,Comment.Comments.CommentsList,,Yayyyy
2020-09-28 23:39:45-04:00,2020-09-28,23,comment,Comment.Comments.CommentsList,,Rrr
2020-09-28 23:39:42-04:00,2020-09-28,23,comment,Comment.Comments.CommentsList,,Qqq
2020-09-28 23:39:40-04:00,2020-09-28,23,comment,Comment.Comments.CommentsList,,W
2020-09-28 23:39:38-04:00,2020-09-28,23,comment,Comment.Comments.CommentsList,,Www
2020-09-28 23:39:36-04:00,2020-09-28,23,comment,Comment.Comments.CommentsList,,Fr
2020-09-28 23:39:34-04:00,2020-09-28,23,comment,Comment.Comments.CommentsList,,R
2020-09-28 23:39:32-04:00,2020-09-28,23,comment,Comment.Comments.CommentsList,,W
2020-09-28 23:39:30-04:00,2020-09-28,23,comment,Comment.Comments.CommentsList,,W
2020-09-28 23:39:28-04:00,2020-09-28,23,comment,Comment.Comments.CommentsList,,E
2020-09-28 23:39:26-04:00,2020-09-28,23,comment,Comment.Comments.CommentsList,,P
2020-09-28 23:39:22-04:00,2020-09-28,23,comment,Comment.Comments.CommentsList,,YOU WANT IT? 😡 YOU GOT IT 😡😁
2020-09-28 23:38:57-04:00,2020-09-28,23,comment,Comment.Comments.CommentsList,,I GOTCHU 😡
2020-09-25 23:41:05-04:00,2020-09-25,23,comment,Comment.Comments.CommentsList,,No please it physically can’t handle any more beating
2020-09-25 23:37:38-04:00,2020-09-25,23,comment,Comment.Comments.CommentsList,,Bruh fr mad beautiful
2020-09-25 10:34:35-04:00,2020-09-25,10,comment,Comment.Comments.CommentsList,,Dads watching this in the back like they wishing they had a son now
2020-09-23 12:31:11-04:00,2020-09-23,12,comment,Comment.Comments.CommentsList,,That’s it trump 2020 bruh idc
2020-09-20 12:46:28-04:00,2020-09-20,12,comment,Comment.Comments.CommentsList,,Me watching that wack ass wrist movement tho 👁👄👁
2020-09-20 00:16:28-04:00,2020-09-20,0,comment,Comment.Comments.CommentsList,,I genuinely love u
2020-09-03 14:06:56-04:00,2020-09-03,14,comment,Comment.Comments.CommentsList,,Go crazy go stupid WAHAUAHHAAHAHHWAJNSNS go crazy... go stupid
2020-08-31 01:45:56-04:00,2020-08-31,1,comment,Comment.Comments.CommentsList,,The 🤡 that be like “here before 1000”
2020-08-28 12:44:50-04:00,2020-08-28,12,comment,Comment.Comments.CommentsList,,Damn the flex was so tuff it hurt
2020-08-26 10:13:44-04:00,2020-08-26,10,comment,Comment.Comments.CommentsList,,Monkey said “🙂”
2020-08-25 22:12:54-04:00,2020-08-25,22,comment,Comment.Comments.CommentsList,,@drphil where you at
2020-08-25 22:05:54-04:00,2020-08-25,22,comment,Comment.Comments.CommentsList,,Imagine being in bed with her tho 😳
2020-08-25 21:58:20-04:00,2020-08-25,21,comment,Comment.Comments.CommentsList,,What side of tik tok did i end up
2020-08-25 02:03:09-04:00,2020-08-25,2,comment,Comment.Comments.CommentsList,,@daviddobrik be his best mannn
2020-08-25 02:03:03-04:00,2020-08-25,2,comment,Comment.Comments.CommentsList,,@daviddobrik come onnn do it for him
2020-08-25 02:02:54-04:00,2020-08-25,2,comment,Comment.Comments.CommentsList,,@daviddobrik bruh
2020-08-24 21:38:53-04:00,2020-08-24,21,comment,Comment.Comments.CommentsList,,I just made a tik tok on my account about this app 💀
2020-08-24 20:39:52-04:00,2020-08-24,20,comment,Comment.Comments.CommentsList,,Am i missing something like? What does any of this mean
2020-08-24 10:34:33-04:00,2020-08-24,10,comment,Comment.Comments.CommentsList,,*Copy link copy link copy link copy link finger cramp copy link copy link*
2020-08-23 02:32:37-04:00,2020-08-23,2,comment,Comment.Comments.CommentsList,,Only girls to make me laugh ever
2020-08-22 21:16:47-04:00,2020-08-22,21,comment,Comment.Comments.CommentsList,,Just made my wholeweek let me make that hole weakkk 😂
2020-08-21 11:45:02-04:00,2020-08-21,11,comment,Comment.Comments.CommentsList,,I shared copied link easily 20 times
2020-08-20 11:57:26-04:00,2020-08-20,11,comment,Comment.Comments.CommentsList,,"We have gods, people who can’t die, people who can kill everyone in a snap, and the greatest pirate ever"
2020-08-18 12:11:23-04:00,2020-08-18,12,comment,Comment.Comments.CommentsList,,POV: you’re wondering why this has so many likes
2020-08-17 18:23:22-04:00,2020-08-17,18,comment,Comment.Comments.CommentsList,,No really marry me now 😳
2020-08-16 20:38:41-04:00,2020-08-16,20,comment,Comment.Comments.CommentsList,,Ggg
2020-08-16 20:38:39-04:00,2020-08-16,20,comment,Comment.Comments.CommentsList,,Ggg
2020-08-14 22:04:47-04:00,2020-08-14,22,comment,Comment.Comments.CommentsList,,imagine waking up the next day and it has 100 likes.
2020-08-14 00:19:28-04:00,2020-08-14,0,comment,Comment.Comments.CommentsList,,so are we gonna catch a case together or what you’re insanely pretty ✋🏽
2020-08-12 04:35:08-04:00,2020-08-12,4,comment,Comment.Comments.CommentsList,,Just added it on my playlist on tidal it’s a great song her voice is kinda of like AURORA
2020-08-10 09:25:38-04:00,2020-08-10,9,comment,Comment.Comments.CommentsList,,Hard to BELIVE there’s still males like this it’s 2020 bruhh like how
2020-08-09 19:29:55-04:00,2020-08-09,19,comment,Comment.Comments.CommentsList,,G
2020-08-07 15:24:09-04:00,2020-08-07,15,comment,Comment.Comments.CommentsList,,Bet im bouta be thicc af
2020-08-07 10:46:12-04:00,2020-08-07,10,comment,Comment.Comments.CommentsList,,Insanse
2020-08-07 10:46:10-04:00,2020-08-07,10,comment,Comment.Comments.CommentsList,,On jah
2020-08-07 10:46:04-04:00,2020-08-07,10,comment,Comment.Comments.CommentsList,,Hit the wo
2020-08-07 10:46:01-04:00,2020-08-07,10,comment,Comment.Comments.CommentsList,,Woah
2020-08-07 10:45:58-04:00,2020-08-07,10,comment,Comment.Comments.CommentsList,,My jeez
2020-08-07 10:45:53-04:00,2020-08-07,10,comment,Comment.Comments.CommentsList,,My pp
2020-08-07 10:45:51-04:00,2020-08-07,10,comment,Comment.Comments.CommentsList,,Flight crew
2020-08-07 10:45:48-04:00,2020-08-07,10,comment,Comment.Comments.CommentsList,,Was poppin
2020-08-07 10:45:45-04:00,2020-08-07,10,comment,Comment.Comments.CommentsList,,Was good
2020-08-07 10:45:42-04:00,2020-08-07,10,comment,Comment.Comments.CommentsList,,Yuh
2020-08-07 10:45:35-04:00,2020-08-07,10,comment,Comment.Comments.CommentsList,,All day
2020-08-07 10:45:31-04:00,2020-08-07,10,comment,Comment.Comments.CommentsList,,Steve
2020-08-06 23:58:16-04:00,2020-08-06,23,comment,Comment.Comments.CommentsList,,Oh yuh
2020-08-06 14:52:38-04:00,2020-08-06,14,comment,Comment.Comments.CommentsList,,@daviddobrik please...
2020-08-06 01:42:15-04:00,2020-08-06,1,comment,Comment.Comments.CommentsList,,Omggg 😭
2020-08-06 01:41:37-04:00,2020-08-06,1,comment,Comment.Comments.CommentsList,,Lot of hours gl
2020-08-06 01:22:22-04:00,2020-08-06,1,comment,Comment.Comments.CommentsList,,That’s a lot of likes
2020-08-04 13:31:55-04:00,2020-08-04,13,comment,Comment.Comments.CommentsList,,Nice
2020-08-03 14:45:02-04:00,2020-08-03,14,comment,Comment.Comments.CommentsList,,This is so accureateee
2020-07-31 04:09:06-04:00,2020-07-31,4,comment,Comment.Comments.CommentsList,,“Nani the fuck” I’m dead bruh 😂
2020-07-31 03:52:58-04:00,2020-07-31,3,comment,Comment.Comments.CommentsList,,Someone remind me to do this tmr cause its 3:50 am rn and it’s to dark for me to see the floor
2020-07-31 03:46:05-04:00,2020-07-31,3,comment,Comment.Comments.CommentsList,,Ong im Virgin
2020-07-31 03:45:58-04:00,2020-07-31,3,comment,Comment.Comments.CommentsList,,I need sleep
2020-07-31 03:45:54-04:00,2020-07-31,3,comment,Comment.Comments.CommentsList,,Why am I doing this
2020-07-31 03:45:49-04:00,2020-07-31,3,comment,Comment.Comments.CommentsList,,Oh my gosh I’m making a difference
2020-07-31 03:45:41-04:00,2020-07-31,3,comment,Comment.Comments.CommentsList,,Ftc flight team stand up
2020-07-31 03:45:34-04:00,2020-07-31,3,comment,Comment.Comments.CommentsList,,flight team
2020-07-31 03:45:29-04:00,2020-07-31,3,comment,Comment.Comments.CommentsList,,FTC
2020-07-31 03:45:21-04:00,2020-07-31,3,comment,Comment.Comments.CommentsList,,I had pasta once
2020-07-31 03:45:18-04:00,2020-07-31,3,comment,Comment.Comments.CommentsList,,Honest to god I’m Jesus
2020-07-31 03:45:02-04:00,2020-07-31,3,comment,Comment.Comments.CommentsList,,Penguin big pp gang
2020-07-31 03:44:56-04:00,2020-07-31,3,comment,Comment.Comments.CommentsList,,If you DONT do choose penguin you small pp
2020-07-31 03:44:34-04:00,2020-07-31,3,comment,Comment.Comments.CommentsList,,I mean fr
2020-07-31 03:44:31-04:00,2020-07-31,3,comment,Comment.Comments.CommentsList,,Penguins are god
2020-07-31 03:44:25-04:00,2020-07-31,3,comment,Comment.Comments.CommentsList,,Like fr
2020-07-31 03:44:22-04:00,2020-07-31,3,comment,Comment.Comments.CommentsList,,Oh shoot my bad I can’t let this happen
2020-07-31 01:53:03-04:00,2020-07-31,1,comment,Comment.Comments.CommentsList,,No you didn’t NO YOU DIDNT
2020-07-31 01:52:02-04:00,2020-07-31,1,comment,Comment.Comments.CommentsList,,Yess
2020-07-31 01:51:11-04:00,2020-07-31,1,comment,Comment.Comments.CommentsList,,Rawr
2020-07-30 09:02:35-04:00,2020-07-30,9,comment,Comment.Comments.CommentsList,,I wonder if this is how you were at your job interview 😂
2020-07-29 19:15:40-04:00,2020-07-29,19,comment,Comment.Comments.CommentsList,,Bruh you are sooo pretty 🥺😍
2020-07-29 19:14:17-04:00,2020-07-29,19,comment,Comment.Comments.CommentsList,,SHE KNOWSSS
2020-07-28 20:53:43-04:00,2020-07-28,20,comment,Comment.Comments.CommentsList,,no chance for me boys carry on the torch i think u know why :)
2020-07-28 19:22:25-04:00,2020-07-28,19,comment,Comment.Comments.CommentsList,,And I love you 😎
2020-07-28 18:27:01-04:00,2020-07-28,18,comment,Comment.Comments.CommentsList,,Can we duet 😎
2020-07-28 02:37:07-04:00,2020-07-28,2,comment,Comment.Comments.CommentsList,,Tbh you would look cuter without it
2020-07-28 02:14:24-04:00,2020-07-28,2,comment,Comment.Comments.CommentsList,,Me watching her lips to make sure it word for word: 👁 👄 👁
2020-07-28 01:55:55-04:00,2020-07-28,1,comment,Comment.Comments.CommentsList,,Joel Miller vs Nathan Drake
2020-07-28 01:39:30-04:00,2020-07-28,1,comment,Comment.Comments.CommentsList,,@luciana.bellaa my parents don’t let me date sorry ;(
2020-07-28 00:39:59-04:00,2020-07-28,0,comment,Comment.Comments.CommentsList,,I like your light switch
2020-07-28 00:38:55-04:00,2020-07-28,0,comment,Comment.Comments.CommentsList,,The boy who gets to be with you is so lucky 🥺
2020-07-27 15:18:01-04:00,2020-07-27,15,comment,Comment.Comments.CommentsList,,Ooo
2020-07-26 11:16:08-04:00,2020-07-26,11,comment,Comment.Comments.CommentsList,,Bark bark RAWR
2020-07-24 15:37:43-04:00,2020-07-24,15,comment,Comment.Comments.CommentsList,,Hard to choose
2020-07-24 11:28:21-04:00,2020-07-24,11,comment,Comment.Comments.CommentsList,,Wished she would reply ☹️
2020-07-24 02:53:28-04:00,2020-07-24,2,comment,Comment.Comments.CommentsList,,It’s the glow in the dark fortnite skeleton skin 😎
2020-07-24 01:03:58-04:00,2020-07-24,1,comment,Comment.Comments.CommentsList,,This got me fk cause y’all always tell me to say this bruh 💀 😂
2020-07-23 21:36:33-04:00,2020-07-23,21,comment,Comment.Comments.CommentsList,,FTC FLIGHT TEAM STAND UP ✈️
2020-07-23 01:02:14-04:00,2020-07-23,1,comment,Comment.Comments.CommentsList,,What part of south Florida 😳
2020-07-22 20:59:24-04:00,2020-07-22,20,comment,Comment.Comments.CommentsList,,He was like “YOU got ME?” 😂
2020-07-22 19:36:26-04:00,2020-07-22,19,comment,Comment.Comments.CommentsList,,Oops
2020-07-21 23:05:08-04:00,2020-07-21,23,comment,Comment.Comments.CommentsList,,455 wbu
2020-07-21 23:04:38-04:00,2020-07-21,23,comment,Comment.Comments.CommentsList,,You should prolly delete and go watch some Steven universe :D
2020-07-21 23:03:03-04:00,2020-07-21,23,comment,Comment.Comments.CommentsList,,Mannn my name is Giancarlos santos Alejandro Aviles nice to meet you I had pasta once
2020-07-21 20:36:06-04:00,2020-07-21,20,comment,Comment.Comments.CommentsList,,The one with you and me :)
2020-07-21 00:30:10-04:00,2020-07-21,0,comment,Comment.Comments.CommentsList,,That’s a cool bruise on your thigh 😎
2020-07-20 16:52:51-04:00,2020-07-20,16,comment,Comment.Comments.CommentsList,,She pretty pretty
2020-07-20 01:47:46-04:00,2020-07-20,1,comment,Comment.Comments.CommentsList,,But you don’t even see me at all 😭 😂
2020-07-20 00:51:24-04:00,2020-07-20,0,comment,Comment.Comments.CommentsList,,Gian
2020-07-19 21:38:35-04:00,2020-07-19,21,comment,Comment.Comments.CommentsList,,Is it just me or is she getting prettier and prettier
2020-07-18 19:30:00-04:00,2020-07-18,19,comment,Comment.Comments.CommentsList,,Lol
2020-07-17 23:39:58-04:00,2020-07-17,23,comment,Comment.Comments.CommentsList,,You’re the 1% cause every girl be like your friend
2020-07-17 23:33:42-04:00,2020-07-17,23,comment,Comment.Comments.CommentsList,,Does she reply an hour late
2020-07-17 02:57:08-04:00,2020-07-17,2,comment,Comment.Comments.CommentsList,,Yo
2020-07-17 02:56:15-04:00,2020-07-17,2,comment,Comment.Comments.CommentsList,,Many people who struggle back at home want to come to America for there families and better jobs it’s not that they “think” they have the right to
2020-07-17 02:51:17-04:00,2020-07-17,2,comment,Comment.Comments.CommentsList,,5’5 Idk lmao
2020-07-16 21:21:58-04:00,2020-07-16,21,comment,Comment.Comments.CommentsList,,*me at nasa secretly screenshootting my computer*
2020-07-16 13:12:59-04:00,2020-07-16,13,comment,Comment.Comments.CommentsList,,So a ring pop
2020-07-16 00:04:05-04:00,2020-07-16,0,comment,Comment.Comments.CommentsList,,You have a ring pop before this or sum
2020-07-16 00:03:39-04:00,2020-07-16,0,comment,Comment.Comments.CommentsList,,I’m bouta duet this
2020-07-14 20:48:07-04:00,2020-07-14,20,comment,Comment.Comments.CommentsList,,Getting closer and closer to Bella delphine...
2020-07-13 00:24:11-04:00,2020-07-13,0,comment,Comment.Comments.CommentsList,,I’ll do your homework
2020-07-12 22:33:32-04:00,2020-07-12,22,comment,Comment.Comments.CommentsList,,Hot dog hot dog diggity dog
2020-07-12 15:35:00-04:00,2020-07-12,15,comment,Comment.Comments.CommentsList,,Thanks? Wtf is this 😂
2020-07-09 18:26:59-04:00,2020-07-09,18,comment,Comment.Comments.CommentsList,,Fly over and we get matching tattoos
2020-07-09 18:11:37-04:00,2020-07-09,18,comment,Comment.Comments.CommentsList,,i- why did you lick- but
2020-07-08 12:01:19-04:00,2020-07-08,12,comment,Comment.Comments.CommentsList,,The boys that have a crush on her to scared to talk to her now 💀 😂
2020-07-06 18:49:33-04:00,2020-07-06,18,comment,Comment.Comments.CommentsList,,Cause the gravity of Anime boobs are satisfying:D
2020-07-04 00:59:02-04:00,2020-07-04,0,comment,Comment.Comments.CommentsList,,when I lived in Japan i bought that fish pussy one and it tastes so bad I spit it all over the train on my way back home 😭
2020-07-03 01:08:18-04:00,2020-07-03,1,comment,Comment.Comments.CommentsList,,Lo que Siento
2020-07-01 13:29:32-04:00,2020-07-01,13,comment,Comment.Comments.CommentsList,,I bet you don’t reply to your fans
2020-07-01 00:04:33-04:00,2020-07-01,0,comment,Comment.Comments.CommentsList,,Dude your videos always keep impressing me they are so good seriously
2020-06-30 07:26:17-04:00,2020-06-30,7,comment,Comment.Comments.CommentsList,,Help
2020-06-29 00:21:06-04:00,2020-06-29,0,comment,Comment.Comments.CommentsList,,How do y’all magicians or mathmeticians come up with these 😂
2020-06-28 02:23:54-04:00,2020-06-28,2,comment,Comment.Comments.CommentsList,,Idk if I’m late for you to see this but i hate fake ppl and i understand there’s probably lots of what feels like pressure from ppl but you do you
2020-06-25 21:56:26-04:00,2020-06-25,21,comment,Comment.Comments.CommentsList,,I thought she had a voice changer?
2020-06-09 01:54:53-04:00,2020-06-09,1,comment,Comment.Comments.CommentsList,,You already knew when you made this all you were gonna get in the comments were “yes it was” comments 😂
2020-06-07 02:25:48-04:00,2020-06-07,2,comment,Comment.Comments.CommentsList,,You a Bucs fan to?
2020-06-07 01:31:36-04:00,2020-06-07,1,comment,Comment.Comments.CommentsList,,Lmao 🤣
2020-06-05 03:26:15-04:00,2020-06-05,3,comment,Comment.Comments.CommentsList,,Huh
2020-06-04 01:42:54-04:00,2020-06-04,1,comment,Comment.Comments.CommentsList,,"I can’t handle the fact that Season 2 episode 12 of avatar the last air bender, when the baby was born, it had hella hair already, IT CONSTIPATES MEE"
2020-05-28 01:32:38-04:00,2020-05-28,1,comment,Comment.Comments.CommentsList,,Use me as a “what is the point of this” button
2020-05-26 17:40:15-04:00,2020-05-26,17,comment,Comment.Comments.CommentsList,,Can’t pratcing my air bending skills with Jason on Friday rn
2020-05-26 17:09:42-04:00,2020-05-26,17,comment,Comment.Comments.CommentsList,,"so basically my understanding is people don’t change, they are middle schoolers forever"
2020-05-22 03:59:48-04:00,2020-05-22,3,comment,Comment.Comments.CommentsList,,Now you gotta give those creepy men old ass skin
2020-05-20 14:23:45-04:00,2020-05-20,14,comment,Comment.Comments.CommentsList,,My boy @drphil can hook you up
2020-05-15 10:23:00-04:00,2020-05-15,10,comment,Comment.Comments.CommentsList,,Why am I just noticing Patrick on your wall 😂
2020-05-09 23:13:50-04:00,2020-05-09,23,comment,Comment.Comments.CommentsList,,You shoulda got all the Dominican band dudes to do a tik tok 🤣
2020-04-05 03:16:35-04:00,2020-04-05,3,comment,Comment.Comments.CommentsList,,“You freaking cunt” 😂
2020-04-04 04:54:33-04:00,2020-04-04,4,comment,Comment.Comments.CommentsList,,Wow you actually got my guess right for once
2020-04-02 22:42:50-04:00,2020-04-02,22,comment,Comment.Comments.CommentsList,,Don’t you have to put your hands out the window when you get pulled over?
2020-02-13 18:34:31-05:00,2020-02-13,18,comment,Comment.Comments.CommentsList,,Instructions unclear I have no neck after trying to many times
2019-12-21 01:36:58-05:00,2019-12-21,1,comment,Comment.Comments.CommentsList,,Thanks 🙏🏽
2019-07-15 22:25:53-04:00,2019-07-15,22,comment,Comment.Comments.CommentsList,,U got tattoos all of a sudden? [laughwithtears]
2019-07-15 22:23:42-04:00,2019-07-15,22,comment,Comment.Comments.CommentsList,,"Hit a girl in the face, imagine hitting your cousins sumthin lmao"
